-- phpMyAdmin SQL Dump
-- version 5.2.1
-- https://www.phpmyadmin.net/
--
-- Host: localhost:3306
-- Waktu pembuatan: 09 Jan 2024 pada 12.35
-- Versi server: 8.2.0
-- Versi PHP: 7.4.19

SET SQL_MODE = "NO_AUTO_VALUE_ON_ZERO";
START TRANSACTION;
SET time_zone = "+00:00";


/*!40101 SET @OLD_CHARACTER_SET_CLIENT=@@CHARACTER_SET_CLIENT */;
/*!40101 SET @OLD_CHARACTER_SET_RESULTS=@@CHARACTER_SET_RESULTS */;
/*!40101 SET @OLD_COLLATION_CONNECTION=@@COLLATION_CONNECTION */;
/*!40101 SET NAMES utf8mb4 */;

--
-- Database: `finalexample`
--

-- --------------------------------------------------------

--
-- Struktur dari tabel `admins`
--

CREATE TABLE `admins` (
  `id` int NOT NULL,
  `user_id` int DEFAULT NULL,
  `first_name` varchar(50) COLLATE utf8mb4_general_ci NOT NULL,
  `last_name` varchar(50) COLLATE utf8mb4_general_ci NOT NULL,
  `contact` varchar(50) COLLATE utf8mb4_general_ci NOT NULL,
  `status_account` tinyint(1) NOT NULL
) ENGINE=InnoDB DEFAULT CHARSET=utf8mb4 COLLATE=utf8mb4_general_ci;

--
-- Dumping data untuk tabel `admins`
--

INSERT INTO `admins` (`id`, `user_id`, `first_name`, `last_name`, `contact`, `status_account`) VALUES
(4, 52, 'yunita', 'puspita', '123', 1),
(5, 53, 'fatimah', 'azahra', '123', 1);

-- --------------------------------------------------------

--
-- Struktur dari tabel `desa`
--

CREATE TABLE `desa` (
  `id` int NOT NULL,
  `name` varchar(50) CHARACTER SET utf8mb4 COLLATE utf8mb4_general_ci NOT NULL,
  `kecamatan_id` int NOT NULL
) ENGINE=InnoDB DEFAULT CHARSET=utf8mb4 COLLATE=utf8mb4_general_ci;

--
-- Dumping data untuk tabel `desa`
--

INSERT INTO `desa` (`id`, `name`, `kecamatan_id`) VALUES
(15, 'Banyuasih', 1),
(16, 'Cicinde Selatan', 1),
(17, 'Cicinde Utara', 1),
(18, 'Gembongan', 1),
(19, 'Gempol', 1),
(20, 'Gempolkolot', 1),
(21, 'Jayamukti', 1),
(22, 'Kutaraharja', 1),
(23, 'Mekarasih', 1),
(24, 'Pamekaran', 1),
(25, 'Talunjaya', 1),
(26, 'Tanjung', 1),
(27, 'Batujaya', 2),
(28, 'Baturaden', 2),
(29, 'Karyabakti', 2),
(30, 'Karyamakmur', 2),
(31, 'Karyamulya', 2),
(32, 'Kutaampel', 2),
(33, 'Segaran', 2),
(34, 'Segarjaya', 2),
(35, 'Telukambulu', 2),
(36, 'Telukbango', 2),
(37, 'Kutamekar', 3),
(38, 'Kutanegara', 3),
(39, 'Kutapohaci', 3),
(40, 'Mulyasari', 3),
(41, 'Mulyasejati', 3),
(42, 'Parungmulya', 3),
(43, 'Tegalega', 3),
(44, 'Cemarajaya', 4),
(45, 'Cibuaya', 4),
(46, 'Gebangjaya', 4),
(47, 'Jayamulya', 4),
(48, 'Kalidungjaya', 4),
(49, 'Kedungjaya', 4),
(50, 'Kedungjeruk', 4),
(51, 'Kertarahayu', 4),
(52, 'Pejaten', 4),
(53, 'Sedari', 4),
(54, 'Sukasari', 4),
(55, 'Cikampek Barat', 5),
(56, 'Cikampek Kota', 5),
(57, 'Cikampek Pusaka', 5),
(58, 'Cikampek Selatan', 5),
(59, 'Cikampek Timur', 5),
(60, 'Dawuan Barat', 5),
(61, 'Dawuan Tengah', 5),
(62, 'Dawuan Timur', 5),
(63, 'Kalihurip', 5),
(64, 'Kamojing', 5),
(65, 'Bayur Kidul', 6),
(66, 'Bayur Lor', 6),
(67, 'Kiara', 6),
(68, 'Langensari', 6),
(69, 'Manggungjaya', 6),
(70, 'Muktijaya', 6),
(71, 'Pasirjaya', 6),
(72, 'Pasirukem', 6),
(73, 'Sukajaya', 6),
(74, 'Sukamulya', 6),
(75, 'Sumurgede', 6),
(76, 'Tegalurung', 6),
(77, 'Cikalong', 7),
(78, 'Cikarang', 7),
(79, 'Cilamaya', 7),
(80, 'Mekarmaya', 7),
(81, 'Muara', 7),
(82, 'Muarabaru', 7),
(83, 'Rawagempol Kulon', 7),
(84, 'Rawagempol Wetan', 7),
(85, 'Sukakerta', 7),
(86, 'Sukatani', 7),
(87, 'Tegalsari', 7),
(88, 'Tegalwaru', 7),
(89, 'Cikande', 8),
(90, 'Ciptamargi', 8),
(91, 'Kertamukti', 8),
(92, 'Kosambibatu', 8),
(93, 'Mekarpohaci', 8),
(94, 'Pusakajaya Selatan', 8),
(95, 'Pusakajaya Utara', 8),
(96, 'Rawasari', 8),
(97, 'Sukaratu', 8),
(98, 'Tanjungsari', 8),
(99, 'Balonggandu', 9),
(100, 'Barugbug', 9),
(101, 'Cikalongsari', 9),
(102, 'Cirejag', 9),
(103, 'Jatibaru', 9),
(104, 'Jatiragas', 9),
(105, 'Jatisari', 9),
(106, 'Jatiwangi', 9),
(107, 'Kalijati', 9),
(108, 'Mekarsari', 9),
(109, 'Pacing', 9),
(110, 'Situdam', 9),
(111, 'Sukamekar', 9),
(112, 'Telarsari', 9),
(113, 'Ciptamarga', 10),
(114, 'Jayakerta', 10),
(115, 'Jayamakmur', 10),
(116, 'Kampungsawah', 10),
(117, 'Kemiri', 10),
(118, 'Kertajaya', 10),
(119, 'Makmurjaya', 10),
(120, 'Medangasem', 10),
(121, 'Adiarsa Barat', 11),
(122, 'Karangpawitan', 11),
(123, 'Karawang Kulon', 11),
(124, 'Mekarjati', 11),
(125, 'Nagasari', 11),
(126, 'Tanjungmekar', 11),
(127, 'Tanjungpura', 11),
(128, 'Tunggakjati', 11),
(129, 'Kondangjaya', 12),
(130, 'Margasari', 12),
(131, 'Tegalsawah', 12),
(132, 'Warungbambu', 12),
(133, 'Adiarsa Timur', 12),
(134, 'Karawang Wetan', 12),
(135, 'Palumbonsari', 12),
(136, 'Plawad', 12),
(137, 'Anggadita', 13),
(138, 'Belendung', 13),
(139, 'Cibalongsari', 13),
(140, 'Cimahi', 13),
(141, 'Curug', 13),
(142, 'Duren', 13),
(143, 'Gintungkerta', 13),
(144, 'Karanganyar', 13),
(145, 'Kiarapayung', 13),
(146, 'Klari', 13),
(147, 'Pancawati', 13),
(148, 'Sumurkondang', 13),
(149, 'Walahar', 13),
(150, 'Cikampek Utara', 14),
(151, 'Jomin Barat', 14),
(152, 'Jomin Timur', 14),
(153, 'Pangulah Baru', 14),
(154, 'Pangulah Selatan', 14),
(155, 'Pangulah Utara', 14),
(156, 'Pucung', 14),
(157, 'Sarimulya', 14),
(158, 'Wancimekar', 14),
(159, 'Kutagandok', 15),
(160, 'Kutajaya', 15),
(161, 'Kutakarya', 15),
(162, 'Kutamukti', 15),
(163, 'Kutaraja', 15),
(164, 'Mulyajaya', 15),
(165, 'Sampalan', 15),
(166, 'Sindangkarya', 15),
(167, 'Sindangmukti', 15),
(168, 'Sindangmulya', 15),
(169, 'Sindangsari', 15),
(170, 'Waluya', 15),
(171, 'Ciwaringin', 16),
(172, 'Karangtanjung', 16),
(173, 'Karyamukti', 16),
(174, 'Kedawung', 16),
(175, 'Lemahabang', 16),
(176, 'Lemahmukti', 16),
(177, 'Pasirtanjung', 16),
(178, 'Pulojaya', 16),
(179, 'Pulokalapa', 16),
(180, 'Pulomulya', 16),
(181, 'Waringinkarya', 16),
(182, 'Bengle', 17),
(183, 'Ciranggon', 17),
(184, 'Lemahmulya', 17),
(185, 'Majalaya', 17),
(186, 'Pasirjengkol', 17),
(187, 'Pasirmulya', 17),
(188, 'Sarijaya', 17),
(189, 'Solokan', 18),
(190, 'Talagajaya', 18),
(191, 'Tanahbaru', 18),
(192, 'Tanjungbungin', 18),
(193, 'Tanjungmekar', 18),
(194, 'Tanjungpakis', 18),
(195, 'Telukbuyung', 18),
(196, 'Telukjaya', 18),
(197, 'Cintaasih', 19),
(198, 'Ciptasari', 19),
(199, 'Jatilaksana', 19),
(200, 'Kertasari', 19),
(201, 'Medalsari', 19),
(202, 'Mulangsari', 19),
(203, 'Tamanmekar', 19),
(204, 'Tamansari', 19),
(205, 'Dongkal', 20),
(206, 'Jatimulya', 20),
(207, 'Karangjaya', 20),
(208, 'Kedaljaya', 20),
(209, 'Kertamulya', 20),
(210, 'Kertaraharja', 20),
(211, 'Labanjaya', 20),
(212, 'Malangsari', 20),
(213, 'Payungsari', 20),
(214, 'Puspasari', 20),
(215, 'Randumulya', 20),
(216, 'Sungaibuntu', 20),
(217, 'Cengkong', 21),
(218, 'Darawolong', 21),
(219, 'Karangsari', 21),
(220, 'Mekarjaya', 21),
(221, 'Purwasari', 21),
(222, 'Sukasari', 21),
(223, 'Tamelang', 21),
(224, 'Tegalsari', 21),
(225, 'Balongsari', 22),
(226, 'Cibadak', 22),
(227, 'Gombongsari', 22),
(228, 'Kutawargi', 22),
(229, 'Mekarjaya', 22),
(230, 'Panyingkiran', 22),
(231, 'Pasirawi', 22),
(232, 'Pasirkaliki', 22),
(233, 'Purwamekar', 22),
(234, 'Sekarwangi', 22),
(235, 'Sukamerta', 22),
(236, 'Sukapura', 22),
(237, 'Sukaraja', 22),
(238, 'Amansari', 23),
(239, 'Dewisari', 23),
(240, 'Dukuhkarya', 23),
(241, 'Kalangsari', 23),
(242, 'Kalangsuria', 23),
(243, 'Karyasari', 23),
(244, 'Kertasari', 23),
(245, 'Rengasdengklok Selatan', 23),
(246, 'Rengasdengklok Utara', 23),
(247, 'Cigunungsari', 24),
(248, 'Cintalaksana', 24),
(249, 'Cintalanggeng', 24),
(250, 'Cintawargi', 24),
(251, 'Cipurwasari', 24),
(252, 'Kutalanggeng', 24),
(253, 'Kutamaneuh', 24),
(254, 'Mekarbuana', 24),
(255, 'Wargasetra', 24),
(256, 'Cadaskertajaya', 25),
(257, 'Cariumulya', 25),
(258, 'Cilewo', 25),
(259, 'Ciwulan', 25),
(260, 'Kalibuaya', 25),
(261, 'Kalijaya', 25),
(262, 'Kalisari', 25),
(263, 'Linggarsari', 25),
(264, 'Pasirkamuning', 25),
(265, 'Pasirmukti', 25),
(266, 'Pasirtalaga', 25),
(267, 'Pulosari', 25),
(268, 'Talagamulya', 25),
(269, 'Talagasari', 25),
(270, 'Karangligar', 26),
(271, 'Karangmulya', 26),
(272, 'Margakaya', 26),
(273, 'Margamulya', 26),
(274, 'Mekarmulya', 26),
(275, 'Mulyajaya', 26),
(276, 'Parungsari', 26),
(277, 'Wanajaya', 26),
(278, 'Wanakerta', 26),
(279, 'Wanasari', 26),
(280, 'Pinayungan', 27),
(281, 'Purwadana', 27),
(282, 'Puseurjaya', 27),
(283, 'Sirnabaya', 27),
(284, 'Sukaharja', 27),
(285, 'Sukaluyu', 27),
(286, 'Sukamakmur', 27),
(287, 'Telukjambe', 27),
(288, 'Wadas', 27),
(289, 'Cikuntul', 28),
(290, 'Ciparagejaya', 28),
(291, 'Dayeuhluhur', 28),
(292, 'Jayanagara', 28),
(293, 'Lemahduhur', 28),
(294, 'Lemahkarya', 28),
(295, 'Lemahmakmur', 28),
(296, 'Lemahsubur', 28),
(297, 'Pagadungan', 28),
(298, 'Pancakarya', 28),
(299, 'Purwajaya', 28),
(300, 'Sumberjaya', 28),
(301, 'Tanjungjaya', 28),
(302, 'Tempuran', 28),
(303, 'Bolang', 29),
(304, 'Gempolkarya', 29),
(305, 'Kutamakmur', 29),
(306, 'Medankarya', 29),
(307, 'Pisangsambo', 29),
(308, 'Sabajaya', 29),
(309, 'Srijaya', 29),
(310, 'Srikamulyan', 29),
(311, 'Sumurlaban', 29),
(312, 'Tambaksari', 29),
(313, 'Tambaksumur', 29),
(354, 'Bolang', 30),
(355, 'Gempolkarya', 30),
(356, 'Kutamakmur', 30),
(357, 'Medankarya', 30),
(358, 'Pisangsambo', 30),
(359, 'Sabajaya', 30),
(360, 'Srijaya', 30),
(361, 'Srikamulyan', 30),
(362, 'Sumurlaban', 30),
(363, 'Tambaksari', 30),
(364, 'Tambaksumur', 30);

-- --------------------------------------------------------

--
-- Struktur dari tabel `diagnoses`
--

CREATE TABLE `diagnoses` (
  `id` int NOT NULL,
  `patient_id` int DEFAULT NULL,
  `doctor_id` int DEFAULT NULL,
  `diagnosis` text COLLATE utf8mb4_general_ci,
  `diagnosis_information` varchar(255) COLLATE utf8mb4_general_ci NOT NULL,
  `date` date DEFAULT NULL
) ENGINE=InnoDB DEFAULT CHARSET=utf8mb4 COLLATE=utf8mb4_general_ci;

-- --------------------------------------------------------

--
-- Struktur dari tabel `doctors`
--

CREATE TABLE `doctors` (
  `id` int NOT NULL,
  `user_id` int DEFAULT NULL,
  `first_name` varchar(50) COLLATE utf8mb4_general_ci DEFAULT NULL,
  `last_name` varchar(50) COLLATE utf8mb4_general_ci NOT NULL,
  `contact` varchar(50) COLLATE utf8mb4_general_ci NOT NULL,
  `specialty` varchar(50) COLLATE utf8mb4_general_ci DEFAULT NULL,
  `status_account` tinyint(1) NOT NULL DEFAULT '1'
) ENGINE=InnoDB DEFAULT CHARSET=utf8mb4 COLLATE=utf8mb4_general_ci;

--
-- Dumping data untuk tabel `doctors`
--

INSERT INTO `doctors` (`id`, `user_id`, `first_name`, `last_name`, `contact`, `specialty`, `status_account`) VALUES
(34, 56, 'Budi', 'Santoso', '08123456789', 'Doctor Umum', 1),
(35, 57, 'dewi', 'susanti', '08543210987', 'Doctor Umum', 1),
(36, 58, 'Agus', 'Wijaya', '08765432100', 'Doctor Umum', 1);

-- --------------------------------------------------------

--
-- Struktur dari tabel `drug`
--

CREATE TABLE `drug` (
  `id` int NOT NULL,
  `nama_obat` varchar(50) COLLATE utf8mb4_general_ci DEFAULT NULL,
  `harga_beli` int DEFAULT NULL,
  `admin_id` int DEFAULT NULL,
  `harga_jual` int DEFAULT NULL,
  `stok` int DEFAULT NULL,
  `expired_date` date DEFAULT NULL,
  `status` tinyint NOT NULL DEFAULT '1',
  `created_date` date NOT NULL
) ENGINE=InnoDB DEFAULT CHARSET=utf8mb4 COLLATE=utf8mb4_general_ci;

--
-- Dumping data untuk tabel `drug`
--

INSERT INTO `drug` (`id`, `nama_obat`, `harga_beli`, `admin_id`, `harga_jual`, `stok`, `expired_date`, `status`, `created_date`) VALUES
(4, 'Zoralin', 24600, 4, 26600, 80, '2027-10-18', 1, '2023-09-09'),
(5, 'Zinc', 20600, 5, 22600, 160, '2026-03-13', 1, '2023-09-09'),
(6, 'Zevit Grow', 14600, 4, 16600, 110, '2026-12-05', 1, '2023-09-09'),
(7, 'Zenirex', 13200, 5, 15200, 70, '2026-02-04', 1, '2023-09-09'),
(8, 'Yusimox', 24400, 5, 26400, 110, '2027-10-08', 1, '2023-09-09'),
(9, 'Woods Merah', 16000, 4, 18000, 110, '2026-05-31', 1, '2023-09-09'),
(10, 'Woods Biru', 28400, 4, 30400, 140, '2027-05-21', 1, '2023-09-09'),
(11, 'Wiros', 15500, 5, 17500, 80, '2027-01-08', 1, '2023-09-09'),
(12, 'Waisan', 21500, 5, 23500, 70, '2026-12-27', 1, '2023-09-09'),
(13, 'Voren Gel', 15800, 5, 17800, 130, '2026-10-01', 1, '2023-09-09'),
(14, 'Vometa Syr', 21600, 4, 23600, 180, '2027-05-10', 1, '2023-09-09'),
(15, 'Voltaren Gel', 14500, 4, 16500, 100, '2027-08-25', 1, '2023-09-09'),
(16, 'Voltadex', 14300, 4, 16300, 80, '2026-08-28', 1, '2023-09-09'),
(17, 'Vitaquin', 21700, 5, 23700, 200, '2028-01-05', 1, '2023-09-09'),
(18, 'Vitalong-C', 23900, 4, 25900, 180, '2027-07-19', 1, '2023-09-09'),
(19, 'Vital Ear Oil', 27700, 5, 29700, 190, '2027-06-07', 1, '2023-09-09'),
(20, 'Vitacimin', 16900, 5, 18900, 200, '2027-05-15', 1, '2023-09-09'),
(21, 'Visine', 22300, 4, 24300, 100, '2027-08-13', 1, '2023-09-09'),
(22, 'Viostin DS', 27700, 4, 29700, 100, '2026-06-09', 1, '2023-09-09'),
(23, 'Viks Vaporub', 28000, 5, 30000, 110, '2027-01-25', 1, '2023-09-09'),
(24, 'Viks Formula', 15700, 4, 17700, 50, '2027-03-21', 1, '2023-09-09'),
(25, 'Vigel', 17600, 4, 19600, 90, '2027-11-16', 1, '2023-09-09'),
(26, 'Vicee', 14000, 5, 16000, 50, '2026-08-24', 1, '2023-09-09'),
(27, 'Verril Gel', 29600, 4, 31600, 200, '2026-10-15', 1, '2023-09-09'),
(28, 'Vermint', 29800, 4, 31800, 70, '2027-11-03', 1, '2023-09-09'),
(29, 'Ventolin Inhaler', 19600, 5, 21600, 140, '2026-10-23', 1, '2023-09-09'),
(30, 'Venaron', 22500, 5, 24500, 60, '2026-11-22', 1, '2023-09-09'),
(31, 'Vegeblend 21Jr', 10500, 5, 12500, 130, '2026-03-16', 1, '2023-09-09'),
(32, 'Vastigo', 27100, 4, 29100, 50, '2026-07-12', 1, '2023-09-09'),
(33, 'Ultraflu', 18000, 4, 20000, 110, '2027-06-23', 1, '2023-09-09'),
(34, 'Ultracilline', 29500, 5, 31500, 170, '2026-12-12', 1, '2023-09-09'),
(35, 'Ultracap', 20400, 4, 22400, 60, '2026-09-14', 1, '2023-09-09'),
(36, 'UC 1000', 26400, 5, 28400, 180, '2027-05-11', 1, '2023-09-09'),
(37, 'Tuzalos', 18500, 5, 20500, 80, '2026-10-25', 1, '2023-09-09'),
(38, 'Triaminic Pilek', 26700, 5, 28700, 70, '2027-04-09', 1, '2023-09-09'),
(39, 'Transpulmin Syr', 24200, 4, 26200, 60, '2027-06-29', 1, '2023-09-09'),
(40, 'Tonikum Bayer', 10900, 4, 12900, 70, '2026-01-15', 1, '2023-09-09'),
(41, 'Tolak Angin', 28600, 4, 30600, 80, '2027-09-30', 1, '2023-09-09'),
(42, 'Thrombophop', 14400, 5, 16400, 190, '2026-04-11', 1, '2023-09-09'),
(43, 'Thrombo Aspilet', 16800, 5, 18800, 70, '2026-09-10', 1, '2023-09-09'),
(44, 'Thiampenicol', 11700, 5, 13700, 70, '2027-11-12', 1, '2023-09-09'),
(45, 'Tetracycline', 16200, 5, 18200, 180, '2026-11-16', 1, '2023-09-09'),
(46, 'Tetayogin', 13500, 4, 15500, 200, '2026-04-24', 1, '2023-09-09'),
(47, 'Termorex', 14500, 5, 16500, 150, '2027-10-06', 1, '2023-09-09'),
(48, 'Termolyte', 27600, 4, 29600, 190, '2027-07-30', 1, '2023-09-09'),
(49, 'Teosal', 10200, 4, 12200, 180, '2027-02-22', 1, '2023-09-09'),
(50, 'Tempra Syr', 20200, 4, 22200, 160, '2026-10-10', 1, '2023-09-09'),
(51, 'Tay Pin San', 23000, 5, 25000, 200, '2026-12-11', 1, '2023-09-09'),
(52, 'Tamr', 15300, 4, 17300, 110, '2027-02-01', 1, '2023-09-09'),
(53, 'Syamil', 26700, 4, 28700, 160, '2026-02-20', 1, '2023-09-09'),
(54, 'Supravit', 21300, 4, 23300, 80, '2026-08-30', 1, '2023-09-09'),
(55, 'Supramox', 26700, 4, 28700, 80, '2027-02-02', 1, '2023-09-09'),
(56, 'Super Tetra', 12000, 5, 14000, 150, '2027-02-16', 1, '2023-09-09'),
(57, 'Sumagesic', 28400, 5, 30400, 120, '2026-01-18', 1, '2023-09-09'),
(58, 'Stop-X', 15500, 5, 17500, 90, '2026-12-18', 1, '2023-09-09'),
(59, 'Stimuno Syr', 25400, 5, 27400, 120, '2027-04-27', 1, '2023-09-09'),
(60, 'Sriti', 22200, 4, 24200, 130, '2026-09-20', 1, '2023-09-09'),
(61, 'Spasminal', 21300, 4, 23300, 180, '2027-03-06', 1, '2023-09-09'),
(62, 'Solinfec', 21400, 4, 23400, 160, '2026-03-07', 1, '2023-09-09'),
(63, 'Silex', 24300, 5, 26300, 60, '2026-03-20', 1, '2023-09-09'),
(64, 'Siladex Hijau', 25400, 4, 27400, 180, '2027-04-13', 1, '2023-09-09'),
(65, 'Siladex Biru', 13600, 5, 15600, 130, '2026-02-02', 1, '2023-09-09'),
(66, 'Seven Seas', 11800, 5, 13800, 130, '2026-07-24', 1, '2023-09-09'),
(67, 'Sensitif', 17800, 5, 19800, 190, '2026-12-09', 1, '2023-09-09'),
(68, 'Scotts Emulsion', 19000, 4, 21000, 60, '2026-12-09', 1, '2023-09-09'),
(69, 'Scopma Plus', 15100, 5, 17100, 80, '2027-08-27', 1, '2023-09-09'),
(70, 'Saridon', 17700, 5, 19700, 140, '2027-07-17', 1, '2023-09-09'),
(71, 'Sanprima', 11700, 4, 13700, 100, '2026-08-30', 1, '2023-09-09'),
(72, 'Sanmol Syr', 17800, 5, 19800, 80, '2027-07-09', 1, '2023-09-09'),
(73, 'Sangobion', 12000, 4, 14000, 90, '2027-01-16', 1, '2023-09-09'),
(74, 'Sanadryl', 13900, 5, 15900, 140, '2027-06-16', 1, '2023-09-09'),
(75, 'Salep 88', 11900, 4, 13900, 200, '2026-03-29', 1, '2023-09-09'),
(76, 'Salbuven', 17000, 4, 19000, 180, '2026-01-25', 1, '2023-09-09'),
(77, 'Salbutamol', 23000, 5, 25000, 90, '2027-11-05', 1, '2023-09-09'),
(78, 'Sakatonik Liver', 30000, 4, 32000, 140, '2026-04-17', 1, '2023-09-09'),
(79, 'Sakatonik ABC', 22300, 4, 24300, 60, '2026-12-17', 1, '2023-09-09'),
(80, 'Rohto Cool', 24000, 4, 26000, 190, '2027-02-12', 1, '2023-09-09'),
(81, 'Rivanol 300cc', 12300, 5, 14300, 60, '2027-05-14', 1, '2023-09-09'),
(82, 'Riboquin', 20200, 5, 22200, 190, '2026-05-19', 1, '2023-09-09'),
(83, 'Rhinos', 10400, 5, 12400, 200, '2026-12-03', 1, '2023-09-09'),
(84, 'Rhinofed', 10000, 5, 12000, 90, '2026-11-04', 1, '2023-09-09'),
(85, 'Resochin', 17400, 4, 19400, 70, '2026-05-07', 1, '2023-09-09'),
(86, 'Renadinac', 15300, 5, 17300, 170, '2027-08-07', 1, '2023-09-09'),
(87, 'Remasal', 21300, 4, 23300, 190, '2027-07-29', 1, '2023-09-09'),
(88, 'Remafar', 15800, 4, 17800, 80, '2027-06-07', 1, '2023-09-09'),
(89, 'Redoxon', 17800, 4, 19800, 170, '2027-10-04', 1, '2023-09-09'),
(90, 'Rapet Wangi', 16400, 5, 18400, 130, '2027-05-09', 1, '2023-09-09'),
(91, 'Ranitidin', 26500, 5, 28500, 120, '2026-09-05', 1, '2023-09-09'),
(92, 'Pyrexin', 10600, 5, 12600, 120, '2027-10-09', 1, '2023-09-09'),
(93, 'Pure Baby', 14300, 5, 16300, 170, '2026-05-17', 1, '2023-09-09'),
(94, 'Proris Syr', 15400, 4, 17400, 140, '2027-10-25', 1, '2023-09-09'),
(95, 'Pronicy', 25700, 4, 27700, 170, '2027-01-17', 1, '2023-09-09'),
(96, 'Promag', 20100, 4, 22100, 190, '2027-06-02', 1, '2023-09-09'),
(97, 'Procold', 14600, 5, 16600, 110, '2026-03-14', 1, '2023-09-09'),
(98, 'Praxion Syr', 16100, 5, 18100, 80, '2026-05-18', 1, '2023-09-09'),
(99, 'Poncolin', 14400, 4, 16400, 90, '2026-12-03', 1, '2023-09-09'),
(100, 'Poncodryl', 19800, 5, 21800, 150, '2027-12-31', 1, '2023-09-09'),
(101, 'Polysilane Syr', 28600, 4, 30600, 90, '2027-12-20', 1, '2023-09-09'),
(102, 'Poldanmig', 29000, 5, 31000, 110, '2026-02-03', 1, '2023-09-09'),
(103, 'Plantacid Forte Syr', 22900, 4, 24900, 70, '2026-11-03', 1, '2023-09-09'),
(104, 'PK', 22800, 4, 24800, 170, '2027-11-04', 1, '2023-09-09'),
(105, 'Piroxicam', 11500, 5, 13500, 80, '2027-01-14', 1, '2023-09-09'),
(106, 'Pimtrakol', 10400, 5, 12400, 200, '2027-01-08', 1, '2023-09-09'),
(107, 'Pilkita', 17900, 5, 19900, 120, '2027-09-11', 1, '2023-09-09'),
(108, 'Pil Tuntas', 15200, 4, 17200, 120, '2026-04-04', 1, '2023-09-09'),
(109, 'Pharmaton Formula', 10100, 5, 12100, 100, '2027-09-12', 1, '2023-09-09'),
(110, 'Peditox', 22200, 5, 24200, 180, '2026-01-30', 1, '2023-09-09'),
(111, 'Pectum', 10300, 4, 12300, 190, '2027-05-27', 1, '2023-09-09'),
(112, 'Paratusin Tab', 19600, 5, 21600, 180, '2026-05-09', 1, '2023-09-09'),
(113, 'Paramex', 17500, 4, 19500, 200, '2027-09-22', 1, '2023-09-09'),
(114, 'Paracetamol', 29500, 4, 31500, 50, '2027-06-13', 1, '2023-09-09'),
(115, 'Panadol', 12400, 4, 14400, 190, '2026-03-20', 1, '2023-09-09'),
(116, 'Pamol Syr', 18300, 5, 20300, 110, '2027-06-10', 1, '2023-09-09'),
(117, 'Pamol', 11800, 4, 13800, 170, '2027-09-11', 1, '2023-09-09'),
(118, 'Pacdin Cough', 14300, 5, 16300, 90, '2026-02-05', 1, '2023-09-09'),
(119, 'Otopain', 16300, 4, 18300, 160, '2027-08-07', 1, '2023-09-09'),
(120, 'Otolin', 29900, 4, 31900, 50, '2027-07-20', 1, '2023-09-09'),
(121, 'Oskadon', 12900, 4, 14900, 60, '2027-02-05', 1, '2023-09-09'),
(122, 'Orikids', 27700, 5, 29700, 150, '2026-03-24', 1, '2023-09-09'),
(123, 'Opistan', 21200, 5, 23200, 200, '2027-12-08', 1, '2023-09-09'),
(124, 'Omestan', 24500, 4, 26500, 50, '2026-02-04', 1, '2023-09-09'),
(125, 'Omepros', 26900, 4, 28900, 200, '2027-09-07', 1, '2023-09-09'),
(126, 'Omeprazol', 20400, 5, 22400, 180, '2026-03-05', 1, '2023-09-09'),
(127, 'OBP Itrasal', 11600, 4, 13600, 80, '2026-02-03', 1, '2023-09-09'),
(128, 'Obida', 25700, 4, 27700, 60, '2026-03-31', 1, '2023-09-09'),
(129, 'OBH Nellco', 20900, 4, 22900, 120, '2026-04-22', 1, '2023-09-09'),
(130, 'OBH Itrasal', 29000, 4, 31000, 180, '2026-09-25', 1, '2023-09-09'),
(131, 'OBH Combi Dewasa', 14200, 5, 16200, 130, '2026-09-10', 1, '2023-09-09'),
(132, 'OBH Combi Anak', 21000, 4, 23000, 150, '2026-04-27', 1, '2023-09-09'),
(133, 'OB Herbal', 13400, 5, 15400, 190, '2027-01-27', 1, '2023-09-09'),
(134, 'Nouriskin', 18300, 5, 20300, 180, '2027-05-21', 1, '2023-09-09'),
(135, 'Nosib', 27300, 5, 29300, 90, '2026-07-02', 1, '2023-09-09'),
(136, 'Nifedipine', 10800, 5, 12800, 100, '2026-10-09', 1, '2023-09-09'),
(137, 'Neuremacyl Tab', 21600, 5, 23600, 70, '2027-04-08', 1, '2023-09-09'),
(138, 'Neozep Forte', 19200, 5, 21200, 160, '2027-01-22', 1, '2023-09-09'),
(139, 'Naturslim', 11400, 4, 13400, 120, '2027-11-19', 1, '2023-09-09'),
(140, 'Natur-E', 15400, 5, 17400, 130, '2026-07-02', 1, '2023-09-09'),
(141, 'Napacin', 17800, 5, 19800, 60, '2026-08-06', 1, '2023-09-09'),
(142, 'Mylanta Tab', 15200, 4, 17200, 180, '2027-12-21', 1, '2023-09-09'),
(143, 'Mycroginon', 17900, 5, 19900, 90, '2027-12-22', 1, '2023-09-09'),
(144, 'Mycoral Cr', 18300, 4, 20300, 180, '2027-05-17', 1, '2023-09-09'),
(145, 'Mycoral', 13900, 4, 15900, 70, '2026-03-17', 1, '2023-09-09'),
(146, 'Mucos', 24000, 4, 26000, 170, '2026-07-24', 1, '2023-09-09'),
(147, 'Mucohexin', 22700, 4, 24700, 100, '2026-06-11', 1, '2023-09-09'),
(148, 'Mucera', 12600, 5, 14600, 120, '2027-08-27', 1, '2023-09-09'),
(149, 'Mixagrip', 16300, 4, 18300, 100, '2027-12-17', 1, '2023-09-09'),
(150, 'Mirasic', 23100, 5, 25100, 190, '2026-03-26', 1, '2023-09-09'),
(151, 'Milmor', 28400, 5, 30400, 160, '2026-04-05', 1, '2023-09-09'),
(152, 'Miconazole', 17500, 5, 19500, 80, '2026-05-30', 1, '2023-09-09'),
(153, 'Mextril', 24300, 5, 26300, 160, '2026-11-21', 1, '2023-09-09'),
(154, 'Mexon', 17900, 5, 19900, 150, '2026-01-23', 1, '2023-09-09'),
(155, 'Meviton', 23000, 5, 25000, 100, '2026-06-18', 1, '2023-09-09'),
(156, 'Metronidazole', 12600, 5, 14600, 200, '2027-01-05', 1, '2023-09-09'),
(157, 'Methyl Prednisolone', 24900, 4, 26900, 50, '2026-05-31', 1, '2023-09-09'),
(158, 'Metformin', 24400, 5, 26400, 120, '2026-06-14', 1, '2023-09-09'),
(159, 'Mertigo', 23300, 5, 25300, 190, '2027-01-11', 1, '2023-09-09'),
(160, 'Merit', 26000, 5, 28000, 180, '2027-01-16', 1, '2023-09-09'),
(161, 'Meloxicam', 23400, 5, 25400, 160, '2027-02-23', 1, '2023-09-09'),
(162, 'Melanox', 22800, 4, 24800, 140, '2027-05-30', 1, '2023-09-09'),
(163, 'Mefix', 16900, 4, 18900, 150, '2027-08-05', 1, '2023-09-09'),
(164, 'Mefinal', 11300, 5, 13300, 100, '2026-06-16', 1, '2023-09-09'),
(165, 'Mediklin-TR', 23400, 4, 25400, 170, '2026-12-03', 1, '2023-09-09'),
(166, 'Medicated Oil', 10300, 5, 12300, 180, '2026-08-15', 1, '2023-09-09'),
(167, 'Mapoh', 17300, 5, 19300, 110, '2027-01-29', 1, '2023-09-09'),
(168, 'Madu Rasa', 19200, 5, 21200, 160, '2026-07-15', 1, '2023-09-09'),
(169, 'M.A Lang', 26000, 4, 28000, 200, '2026-08-27', 1, '2023-09-09'),
(170, 'M.A Kapak', 10800, 5, 12800, 50, '2026-06-20', 1, '2023-09-09'),
(171, 'Lodia', 24800, 4, 26800, 200, '2026-07-21', 1, '2023-09-09'),
(172, 'Lerzin Syr', 17000, 5, 19000, 70, '2027-12-22', 1, '2023-09-09'),
(173, 'Lelap', 28500, 5, 30500, 160, '2026-08-17', 1, '2023-09-09'),
(174, 'Laxing', 19500, 5, 21500, 190, '2027-06-23', 1, '2023-09-09'),
(175, 'Laserin', 25100, 4, 27100, 70, '2027-08-09', 1, '2023-09-09'),
(176, 'Lansoprazol', 22400, 5, 24400, 150, '2027-06-09', 1, '2023-09-09'),
(177, 'Lancar Asi', 22200, 5, 24200, 140, '2027-07-12', 1, '2023-09-09'),
(178, 'Lacto-B', 26000, 5, 28000, 60, '2027-02-22', 1, '2023-09-09'),
(179, 'Lactacyd Baby', 14400, 5, 16400, 60, '2026-05-11', 1, '2023-09-09'),
(180, 'Konidin', 29300, 4, 31300, 120, '2027-01-01', 1, '2023-09-09'),
(181, 'Komix', 26600, 4, 28600, 80, '2026-10-24', 1, '2023-09-09'),
(182, 'Kiranti', 25200, 5, 27200, 100, '2027-12-25', 1, '2023-09-09'),
(183, 'Ketokonazole', 12200, 4, 14200, 50, '2027-01-24', 1, '2023-09-09'),
(184, 'Kapsida', 22900, 5, 24900, 100, '2026-12-09', 1, '2023-09-09'),
(185, 'Kaotin', 11600, 4, 13600, 140, '2026-07-14', 1, '2023-09-09'),
(186, 'Kandistatin', 16100, 5, 18100, 160, '2027-10-01', 1, '2023-09-09'),
(187, 'Kalpanax Cr', 12300, 5, 14300, 110, '2026-05-09', 1, '2023-09-09'),
(188, 'Kaflam', 21800, 4, 23800, 110, '2027-04-30', 1, '2023-09-09'),
(189, 'Kaditic', 25500, 5, 27500, 90, '2026-03-01', 1, '2023-09-09'),
(190, 'Irgapan', 24600, 5, 26600, 110, '2026-08-15', 1, '2023-09-09'),
(191, 'Intunal F', 13400, 5, 15400, 50, '2027-02-27', 1, '2023-09-09'),
(192, 'Interhistin', 19800, 4, 21800, 140, '2027-06-01', 1, '2023-09-09'),
(193, 'Insto', 23000, 4, 25000, 90, '2027-11-03', 1, '2023-09-09'),
(194, 'Inflason', 22900, 5, 24900, 90, '2027-10-08', 1, '2023-09-09'),
(195, 'Incidal', 26000, 5, 28000, 50, '2026-10-03', 1, '2023-09-09'),
(196, 'Inamid', 27400, 4, 29400, 140, '2027-02-05', 1, '2023-09-09'),
(197, 'Imunos', 13000, 5, 15000, 80, '2027-02-02', 1, '2023-09-09'),
(198, 'Imodium', 22000, 4, 24000, 160, '2027-06-09', 1, '2023-09-09'),
(199, 'Imboost Tab', 13500, 5, 15500, 130, '2027-08-05', 1, '2023-09-09'),
(200, 'Imboost Syr', 20800, 4, 22800, 200, '2027-01-03', 1, '2023-09-09'),
(201, 'Ibuprofen', 19200, 5, 21200, 180, '2027-02-15', 1, '2023-09-09'),
(202, 'Hydrocortison', 19600, 5, 21600, 140, '2026-10-14', 1, '2023-09-09'),
(203, 'Hufanoxil Tab', 21000, 4, 23000, 90, '2027-07-08', 1, '2023-09-09'),
(204, 'Hufanoxil Syr', 15900, 5, 17900, 60, '2026-06-20', 1, '2023-09-09'),
(205, 'Hufamag', 20400, 5, 22400, 70, '2026-01-26', 1, '2023-09-09'),
(206, 'Hufagrip Pilek', 28500, 4, 30500, 100, '2026-06-12', 1, '2023-09-09'),
(207, 'Hufagrip Flu', 29900, 4, 31900, 70, '2026-08-05', 1, '2023-09-09'),
(208, 'Hufagrip BP', 19200, 4, 21200, 160, '2026-10-28', 1, '2023-09-09'),
(209, 'Hufadine', 21000, 4, 23000, 50, '2026-05-23', 1, '2023-09-09'),
(210, 'Hufabion', 11600, 4, 13600, 150, '2028-01-01', 1, '2023-09-09'),
(211, 'Hotin Cream', 23500, 5, 25500, 140, '2027-01-20', 1, '2023-09-09'),
(212, 'Hormoviton', 28700, 4, 30700, 80, '2026-12-29', 1, '2023-09-09'),
(213, 'Histigo', 23600, 4, 25600, 160, '2026-03-21', 1, '2023-09-09'),
(214, 'Herocyn', 16600, 4, 18600, 70, '2027-01-10', 1, '2023-09-09'),
(215, 'Hemaviton', 11700, 5, 13700, 170, '2026-04-03', 1, '2023-09-09'),
(216, 'Halmezin', 14100, 4, 16100, 50, '2026-01-18', 1, '2023-09-09'),
(217, 'Habatussauda', 20100, 4, 22100, 60, '2026-12-09', 1, '2023-09-09'),
(218, 'Guanistrep', 19400, 5, 21400, 60, '2027-01-22', 1, '2023-09-09'),
(219, 'Gratazhon', 13500, 4, 15500, 190, '2026-03-15', 1, '2023-09-09'),
(220, 'Grantusif', 21700, 4, 23700, 200, '2026-06-18', 1, '2023-09-09'),
(221, 'Grafadon', 21300, 5, 23300, 170, '2026-11-17', 1, '2023-09-09'),
(222, 'GPU', 19100, 4, 21100, 90, '2027-09-25', 1, '2023-09-09'),
(223, 'GOM', 22400, 5, 24400, 110, '2027-11-17', 1, '2023-09-09'),
(224, 'Glucodex', 13200, 5, 15200, 60, '2027-10-02', 1, '2023-09-09'),
(225, 'Glikos', 12200, 5, 14200, 150, '2026-05-03', 1, '2023-09-09'),
(226, 'Glidabet', 27000, 5, 29000, 170, '2027-01-23', 1, '2023-09-09'),
(227, 'Glibenclamid', 24500, 4, 26500, 70, '2026-05-01', 1, '2023-09-09'),
(228, 'Gentong Mas', 27400, 5, 29400, 50, '2026-04-23', 1, '2023-09-09'),
(229, 'Gentian Violet', 25200, 5, 27200, 90, '2026-02-06', 1, '2023-09-09'),
(230, 'Gastrucid', 12200, 5, 14200, 180, '2027-11-10', 1, '2023-09-09'),
(231, 'Gastrinal', 20600, 5, 22600, 130, '2026-02-04', 1, '2023-09-09'),
(232, 'Gabiten', 13000, 4, 15000, 110, '2028-01-01', 1, '2023-09-09'),
(233, 'Fruit 18Jr', 16200, 4, 18200, 160, '2026-11-04', 1, '2023-09-09'),
(234, 'Forbetes', 13300, 4, 15300, 190, '2027-01-27', 1, '2023-09-09'),
(235, 'Flutamol', 17000, 4, 19000, 180, '2027-09-18', 1, '2023-09-09'),
(236, 'Fludane Plus', 10600, 4, 12600, 130, '2026-03-11', 1, '2023-09-09'),
(237, 'Flucadex', 17300, 5, 19300, 100, '2027-07-16', 1, '2023-09-09'),
(238, 'Fitkom Gummy', 17100, 5, 19100, 70, '2027-09-28', 1, '2023-09-09'),
(239, 'Firdaus Oil', 19600, 4, 21600, 140, '2027-08-20', 1, '2023-09-09'),
(240, 'Fimediab', 19100, 4, 21100, 120, '2027-04-09', 1, '2023-09-09'),
(241, 'FG Troches', 27700, 4, 29700, 50, '2026-09-08', 1, '2023-09-09'),
(242, 'Feminax', 29500, 5, 31500, 170, '2026-06-17', 1, '2023-09-09'),
(243, 'Fatigon Spirit', 22600, 4, 24600, 140, '2027-10-27', 1, '2023-09-09'),
(244, 'Fasidol Forte', 22800, 5, 24800, 120, '2026-08-25', 1, '2023-09-09'),
(245, 'Ever-E', 16500, 4, 18500, 110, '2027-10-11', 1, '2023-09-09'),
(246, 'Etamox', 23400, 4, 25400, 130, '2026-03-04', 1, '2023-09-09'),
(247, 'Ester-C', 28000, 4, 30000, 200, '2026-09-11', 1, '2023-09-09'),
(248, 'Erythromicyn', 30000, 4, 32000, 190, '2027-05-01', 1, '2023-09-09'),
(249, 'Epexol', 24800, 4, 26800, 110, '2027-10-28', 1, '2023-09-09'),
(250, 'Enkasari', 11100, 5, 13100, 150, '2026-11-10', 1, '2023-09-09'),
(251, 'Enervon-C', 20100, 5, 22100, 200, '2026-10-24', 1, '2023-09-09'),
(252, 'Em-Kapsul', 17100, 4, 19100, 50, '2026-03-13', 1, '2023-09-09'),
(253, 'Dumex', 21600, 5, 23600, 100, '2027-07-21', 1, '2023-09-09'),
(254, 'Dulcolax', 21300, 5, 23300, 110, '2027-06-27', 1, '2023-09-09'),
(255, 'Doxyciclyn', 22100, 4, 24100, 50, '2026-05-16', 1, '2023-09-09'),
(256, 'Diprogenta', 15700, 4, 17700, 160, '2027-10-29', 1, '2023-09-09'),
(257, 'Digenta', 15500, 5, 17500, 80, '2027-05-10', 1, '2023-09-09'),
(258, 'Diapet', 24200, 5, 26200, 50, '2027-01-16', 1, '2023-09-09'),
(259, 'Dialet', 29600, 5, 31600, 70, '2026-10-04', 1, '2023-09-09'),
(260, 'Dexteem Plus', 12900, 4, 14900, 150, '2026-10-02', 1, '2023-09-09'),
(261, 'Dextamine', 14700, 4, 16700, 130, '2027-04-23', 1, '2023-09-09'),
(262, 'Dexanta Tab', 23300, 4, 25300, 100, '2026-11-03', 1, '2023-09-09'),
(263, 'Dexanta Syr', 28500, 5, 30500, 200, '2027-02-28', 1, '2023-09-09'),
(264, 'Dexametasone', 29500, 4, 31500, 110, '2027-05-04', 1, '2023-09-09'),
(265, 'Dermatix', 12700, 5, 14700, 190, '2027-05-08', 1, '2023-09-09'),
(266, 'Dentasol', 28200, 4, 30200, 100, '2027-11-03', 1, '2023-09-09'),
(267, 'Delipus', 26700, 5, 28700, 80, '2026-02-13', 1, '2023-09-09'),
(268, 'Degirol', 25200, 4, 27200, 90, '2026-11-15', 1, '2023-09-09'),
(269, 'Decubal', 27300, 5, 29300, 110, '2027-04-28', 1, '2023-09-09'),
(270, 'Decolsin', 19500, 4, 21500, 90, '2026-12-14', 1, '2023-09-09'),
(271, 'Decolgen', 16200, 5, 18200, 150, '2027-08-30', 1, '2023-09-09'),
(272, 'Decadryl', 14300, 5, 16300, 160, '2026-11-29', 1, '2023-09-09'),
(273, 'Damaben Syr', 10600, 4, 12600, 50, '2027-01-24', 1, '2023-09-09'),
(274, 'Daktarin', 13900, 5, 15900, 170, '2027-01-29', 1, '2023-09-09'),
(275, 'Cussons Powder', 27600, 4, 29600, 180, '2026-07-06', 1, '2023-09-09'),
(276, 'Curvit', 18200, 5, 20200, 140, '2027-09-04', 1, '2023-09-09'),
(277, 'Curcuma', 14400, 4, 16400, 60, '2027-02-08', 1, '2023-09-09'),
(278, 'CTM', 20200, 4, 22200, 170, '2027-05-25', 1, '2023-09-09'),
(279, 'Counterpain', 26800, 5, 28800, 130, '2027-07-05', 1, '2023-09-09'),
(280, 'Coparcetin', 14100, 4, 16100, 90, '2027-01-27', 1, '2023-09-09'),
(281, 'Combantrine Tab', 21700, 5, 23700, 170, '2027-09-10', 1, '2023-09-09'),
(282, 'Combantrine Syr', 17200, 4, 19200, 50, '2027-01-27', 1, '2023-09-09'),
(283, 'Colfin', 11800, 4, 13800, 200, '2027-02-13', 1, '2023-09-09'),
(284, 'Coldrexin', 13800, 5, 15800, 170, '2026-12-11', 1, '2023-09-09'),
(285, 'Clindamicyn', 17400, 5, 19400, 110, '2026-11-26', 1, '2023-09-09'),
(286, 'Citocetin', 24500, 4, 26500, 80, '2027-02-23', 1, '2023-09-09'),
(287, 'Ciprofloxacin', 24000, 5, 26000, 60, '2027-10-28', 1, '2023-09-09'),
(288, 'Chloramphenicol', 28300, 5, 30300, 120, '2026-10-04', 1, '2023-09-09'),
(289, 'Cetirizine', 13900, 5, 15900, 110, '2027-05-08', 1, '2023-09-09'),
(290, 'Cerebrovit Excell', 27900, 5, 29900, 110, '2026-11-18', 1, '2023-09-09'),
(291, 'Cefixime', 22900, 4, 24900, 80, '2027-02-22', 1, '2023-09-09'),
(292, 'Cefadroxil', 19000, 4, 21000, 50, '2027-11-17', 1, '2023-09-09'),
(293, 'CDR', 12100, 4, 14100, 80, '2026-12-16', 1, '2023-09-09'),
(294, 'Caviplex', 20000, 5, 22000, 170, '2027-01-25', 1, '2023-09-09'),
(295, 'Cataflam', 17300, 5, 19300, 120, '2027-04-15', 1, '2023-09-09'),
(296, 'Carbidu', 29900, 4, 31900, 180, '2026-10-29', 1, '2023-09-09'),
(297, 'Captopril', 19900, 4, 21900, 130, '2026-07-16', 1, '2023-09-09'),
(298, 'Canesten', 10500, 4, 12500, 110, '2026-02-02', 1, '2023-09-09'),
(299, 'Caladine Powder', 15600, 4, 17600, 200, '2026-05-01', 1, '2023-09-09'),
(300, 'C IPI', 22400, 4, 24400, 150, '2026-07-30', 1, '2023-09-09'),
(301, 'Bufacaryl', 16500, 4, 18500, 60, '2027-08-28', 1, '2023-09-09'),
(302, 'Bronchitin', 14500, 4, 16500, 200, '2026-04-05', 1, '2023-09-09'),
(303, 'Broadamox', 12700, 4, 14700, 150, '2027-01-01', 1, '2023-09-09'),
(304, 'Braito', 16100, 5, 18100, 110, '2026-01-30', 1, '2023-09-09'),
(305, 'Boraginol-S', 10400, 5, 12400, 180, '2026-07-09', 1, '2023-09-09'),
(306, 'Boraginol-N', 19500, 5, 21500, 120, '2026-07-10', 1, '2023-09-09'),
(307, 'Bodrex', 22800, 5, 24800, 140, '2027-08-04', 1, '2023-09-09'),
(308, 'Bison', 29800, 5, 31800, 60, '2027-08-27', 1, '2023-09-09'),
(309, 'Bisolvon Kids', 22600, 5, 24600, 200, '2027-09-09', 1, '2023-09-09'),
(310, 'Bisolvon Extra', 11000, 4, 13000, 130, '2027-08-28', 1, '2023-09-09'),
(311, 'Biosanbe', 18800, 5, 20800, 80, '2027-02-10', 1, '2023-09-09'),
(312, 'Bioplacenton', 26100, 5, 28100, 200, '2027-04-08', 1, '2023-09-09'),
(313, 'Biogesic', 11300, 5, 13300, 140, '2027-12-04', 1, '2023-09-09'),
(314, 'Bio Calci', 14300, 4, 16300, 190, '2026-07-07', 1, '2023-09-09'),
(315, 'Betominplex', 27300, 4, 29300, 80, '2026-06-20', 1, '2023-09-09'),
(316, 'Betason-N Cr', 19300, 5, 21300, 200, '2027-01-22', 1, '2023-09-09'),
(317, 'Betason Cr', 25300, 4, 27300, 190, '2026-12-24', 1, '2023-09-09'),
(318, 'Betametason Cr', 30000, 4, 32000, 110, '2026-01-09', 1, '2023-09-09'),
(319, 'Betadine', 30000, 4, 32000, 60, '2027-07-28', 1, '2023-09-09'),
(320, 'Berlizon', 28500, 5, 30500, 160, '2027-10-30', 1, '2023-09-09'),
(321, 'Benoson-N', 23200, 5, 25200, 100, '2026-11-03', 1, '2023-09-09'),
(322, 'Benoson', 15300, 5, 17300, 50, '2027-09-26', 1, '2023-09-09'),
(323, 'Becom-C', 21000, 4, 23000, 50, '2027-06-14', 1, '2023-09-09'),
(324, 'Batugin', 20800, 5, 22800, 90, '2027-09-01', 1, '2023-09-09'),
(325, 'Balsem Lang', 22600, 4, 24600, 100, '2027-08-17', 1, '2023-09-09'),
(326, 'Balsem Geliga', 12000, 4, 14000, 200, '2027-06-21', 1, '2023-09-09'),
(327, 'Baby Cough', 29800, 5, 31800, 60, '2027-02-27', 1, '2023-09-09'),
(328, 'Avail', 14600, 4, 16600, 170, '2027-03-11', 1, '2023-09-09'),
(329, 'Asifit', 25600, 4, 27600, 120, '2026-08-20', 1, '2023-09-09'),
(330, 'Asam Mefenamat', 28300, 5, 30300, 110, '2026-01-10', 1, '2023-09-09'),
(331, 'Arcapec', 13900, 4, 15900, 120, '2026-05-05', 1, '2023-09-09'),
(332, 'Apialys', 11200, 5, 13200, 120, '2026-02-07', 1, '2023-09-09'),
(333, 'Antimo', 15800, 5, 17800, 50, '2026-12-25', 1, '2023-09-09'),
(334, 'Antasida Doen', 16000, 4, 18000, 130, '2027-08-24', 1, '2023-09-09'),
(335, 'Antangin', 12500, 4, 14500, 70, '2027-08-18', 1, '2023-09-09'),
(336, 'Antalgin', 26300, 5, 28300, 200, '2027-08-05', 1, '2023-09-09'),
(337, 'Anfuhex', 24500, 5, 26500, 100, '2027-05-08', 1, '2023-09-09'),
(338, 'Andalan Laktasi', 27600, 4, 29600, 180, '2027-05-13', 1, '2023-09-09'),
(339, 'Andalan KB', 22900, 4, 24900, 100, '2027-04-08', 1, '2023-09-09'),
(340, 'Anastan', 22900, 5, 24900, 100, '2026-09-15', 1, '2023-09-09'),
(341, 'Anakonidin', 22400, 4, 24400, 80, '2027-12-22', 1, '2023-09-09'),
(342, 'Anacetin', 12200, 5, 14200, 150, '2027-05-11', 1, '2023-09-09'),
(343, 'Ampicilline', 14200, 4, 16200, 70, '2026-08-21', 1, '2023-09-09'),
(344, 'Amoxicilline', 26200, 4, 28200, 70, '2026-05-05', 1, '2023-09-09'),
(345, 'Amoxan', 24500, 4, 26500, 80, '2026-04-23', 1, '2023-09-09'),
(346, 'Amlodipin', 13100, 4, 15100, 190, '2026-06-24', 1, '2023-09-09'),
(347, 'Ambroxol', 26200, 4, 28200, 190, '2026-07-22', 1, '2023-09-09'),
(348, 'Ambeven', 16700, 4, 18700, 200, '2026-01-18', 1, '2023-09-09'),
(349, 'Alphamol', 19100, 5, 21100, 190, '2026-12-24', 1, '2023-09-09'),
(350, 'Alpara', 23200, 4, 25200, 90, '2027-07-17', 1, '2023-09-09'),
(351, 'Alludona D', 20500, 4, 22500, 190, '2026-12-08', 1, '2023-09-09'),
(352, 'Allopurinol', 18900, 4, 20900, 150, '2026-12-21', 1, '2023-09-09'),
(353, 'Allofar', 23700, 5, 25700, 130, '2026-05-03', 1, '2023-09-09'),
(354, 'Alleron', 20400, 4, 22400, 190, '2026-02-05', 1, '2023-09-09'),
(355, 'Allerin', 12400, 4, 14400, 130, '2027-11-28', 1, '2023-09-09'),
(356, 'Aljazira', 15800, 5, 17800, 160, '2026-02-21', 1, '2023-09-09'),
(357, 'Alcohol 300cc', 17800, 4, 19800, 90, '2027-12-02', 1, '2023-09-09'),
(358, 'Alco Syr', 29200, 4, 31200, 130, '2027-10-31', 1, '2023-09-09'),
(359, 'Albothyl', 25600, 5, 27600, 50, '2026-09-08', 1, '2023-09-09'),
(360, 'Akurat', 26300, 5, 28300, 150, '2026-11-02', 1, '2023-09-09'),
(361, 'Adem Sari', 10500, 4, 12500, 160, '2027-12-12', 1, '2023-09-09'),
(362, 'Acyclovir Cr', 14100, 4, 16100, 60, '2026-12-05', 1, '2023-09-09'),
(363, 'Actived', 13700, 5, 15700, 50, '2026-07-12', 1, '2023-09-09');

-- --------------------------------------------------------

--
-- Struktur dari tabel `invoices`
--

CREATE TABLE `invoices` (
  `id` int NOT NULL,
  `patient_id` int DEFAULT NULL,
  `date` date DEFAULT NULL,
  `total` decimal(10,2) DEFAULT NULL
) ENGINE=InnoDB DEFAULT CHARSET=utf8mb4 COLLATE=utf8mb4_general_ci;

-- --------------------------------------------------------

--
-- Struktur dari tabel `kecamatan`
--

CREATE TABLE `kecamatan` (
  `id` int NOT NULL,
  `name` varchar(50) CHARACTER SET utf8mb4 COLLATE utf8mb4_general_ci NOT NULL
) ENGINE=InnoDB DEFAULT CHARSET=utf8mb4 COLLATE=utf8mb4_general_ci;

--
-- Dumping data untuk tabel `kecamatan`
--

INSERT INTO `kecamatan` (`id`, `name`) VALUES
(1, 'Banyusari'),
(2, 'Batujaya'),
(3, 'Ciampel'),
(4, 'Cibuaya'),
(5, 'Cikampek'),
(6, 'Cilamaya Kulon'),
(7, 'Cilamaya Wetan'),
(8, 'Cilebar'),
(9, 'Jatisari'),
(10, 'Jayakerta'),
(11, 'Karawang Barat'),
(12, 'Karawang Timur'),
(13, 'Klari	'),
(14, 'Kotabaru'),
(15, 'Kutawaluya'),
(16, 'Lemahabang'),
(17, 'Majalaya'),
(18, 'Pakisjaya'),
(19, 'Pangkalan'),
(20, 'Pedes'),
(21, 'Purwasari'),
(22, 'Rawamerta'),
(23, 'Rengasdengklok'),
(24, 'Tegalwaru'),
(25, 'Talagasari'),
(26, 'Telukjambe Barat'),
(27, 'Telukjambe Timur'),
(28, 'Tempuran'),
(29, 'Tirtajaya'),
(30, 'Tirtamulya');

-- --------------------------------------------------------

--
-- Struktur dari tabel `medicalinformation`
--

CREATE TABLE `medicalinformation` (
  `id` int NOT NULL,
  `patient_id` int NOT NULL,
  `height` decimal(5,2) DEFAULT NULL,
  `weight` decimal(5,2) DEFAULT NULL,
  `blood_group` varchar(3) COLLATE utf8mb4_general_ci DEFAULT NULL,
  `pulse` int DEFAULT NULL,
  `blood_pressure` varchar(7) COLLATE utf8mb4_general_ci DEFAULT NULL,
  `respiration` int DEFAULT NULL,
  `allergy` varchar(255) COLLATE utf8mb4_general_ci DEFAULT NULL,
  `diet` varchar(255) COLLATE utf8mb4_general_ci DEFAULT NULL,
  `update_by` int NOT NULL
) ENGINE=InnoDB DEFAULT CHARSET=utf8mb4 COLLATE=utf8mb4_general_ci;

-- --------------------------------------------------------

--
-- Struktur dari tabel `patients`
--

CREATE TABLE `patients` (
  `id` int NOT NULL,
  `user_id` int DEFAULT NULL,
  `kecamatan_id` int NOT NULL,
  `desa_id` int NOT NULL,
  `first_name` varchar(50) COLLATE utf8mb4_general_ci NOT NULL,
  `last_name` varchar(50) COLLATE utf8mb4_general_ci NOT NULL,
  `gender` enum('Male','Female') COLLATE utf8mb4_general_ci NOT NULL,
  `contact` varchar(75) COLLATE utf8mb4_general_ci NOT NULL,
  `address` varchar(225) COLLATE utf8mb4_general_ci NOT NULL,
  `date_of_birth` date DEFAULT NULL,
  `status_account` tinyint(1) NOT NULL
) ENGINE=InnoDB DEFAULT CHARSET=utf8mb4 COLLATE=utf8mb4_general_ci;

--
-- Dumping data untuk tabel `patients`
--

INSERT INTO `patients` (`id`, `user_id`, `kecamatan_id`, `desa_id`, `first_name`, `last_name`, `gender`, `contact`, `address`, `date_of_birth`, `status_account`) VALUES
(3, 62, 17, 21, 'ahmad', 'dani', 'Female', '081234567421', 'jalan pamanukan', '1999-02-22', 1),
(4, 63, 6, 70, 'hamidah', 'gustavo', 'Female', '08423456789', 'jalan toba', '1998-07-09', 1),
(5, 64, 23, 241, 'dede', 'amon', 'Female', '08223456789', 'kertasari', '1997-02-22', 1),
(6, 65, 23, 15, 'bambang', 'amon', 'Male', '0822345213', 'kertasari', '1997-02-22', 1),
(7, 66, 1, 15, 'yudis', 'tira', 'Female', '081123456789', 'rengasdengklok', '1889-02-03', 1);

-- --------------------------------------------------------

--
-- Struktur dari tabel `super_admins`
--

CREATE TABLE `super_admins` (
  `id_profile` int NOT NULL,
  `user_id` int DEFAULT NULL,
  `name` varchar(100) COLLATE utf8mb4_general_ci DEFAULT NULL
) ENGINE=InnoDB DEFAULT CHARSET=utf8mb4 COLLATE=utf8mb4_general_ci;

-- --------------------------------------------------------

--
-- Struktur dari tabel `users`
--

CREATE TABLE `users` (
  `id` int NOT NULL,
  `email` varchar(100) COLLATE utf8mb4_general_ci DEFAULT NULL,
  `password` varchar(255) COLLATE utf8mb4_general_ci DEFAULT NULL,
  `role` enum('super_admin','doctor','patient','admin') COLLATE utf8mb4_general_ci DEFAULT NULL
) ENGINE=InnoDB DEFAULT CHARSET=utf8mb4 COLLATE=utf8mb4_general_ci;

--
-- Dumping data untuk tabel `users`
--

INSERT INTO `users` (`id`, `email`, `password`, `role`) VALUES
(5, 'owner@seecare.com', '$2y$10$wH/yX.Av1bQijx76jj96guZeJw3Qid1RPO5IR5WYIGXQstp7KahKC', 'super_admin'),
(52, 'admin1@seecare.com', '$2y$10$5TNCQHX3cKr1NZLvHYErn.8RL5BAZS9qc9/x3emela8esl6b1zu6q', 'admin'),
(53, 'admin2@seecare.com', '$2y$10$JPANMUp7Yh2BVhouR9tEcuWIZgJTkBI9r1oBRv5wAHp/G.xa8qVTy', 'admin'),
(56, 'budi.santoso@dr.seecare.com', '$2y$10$ybrUE.nG7bIJ7oKMw5Vw/uHom8FUduGFVaCmcVzyb0oBwMEfGFEm6', 'doctor'),
(57, 'dew.susanti@dr.seecare.com', '$2y$10$m/PV5M5/uN.qGFMKoa0ImecW0iXka2j4g7cCUfAGyJSSTdL/UG/Fi', 'doctor'),
(58, 'Agus.wijaya@dr.seecare.com', '$2y$10$LbJT3OS22TD2u6F5Wo7rQe.MdXE0d8TPb99DZeVmF4Cnxcio.1eSu', 'doctor'),
(62, 'ahmaddani@gmail.com', '$2y$10$U8ob8JppfDvSdqRz0Fv5ZeCBS1rKxvXQXB9f8xOeBDTNIkQL6u/2y', 'patient'),
(63, 'hamdiah@gmail.com', '$2y$10$Kx7bYVl1c5/Kn5RQ5ifl.OfASKsB2Md/WDY66asppl2JfUn1ojAh6', 'patient'),
(64, 'dede@gmail.com', '$2y$10$Qk8wMFd9v3LS4dUrYbyrz.hTtWvkv7ZCps53.7rQp/lBhY0Iofdyi', 'patient'),
(65, 'bambang@gmail.com', '$2y$10$d2jD/OIANQRgpT7X69RQZ.sz/VxPvP1IJPlf2670.JsSzIrzNBqPy', 'patient'),
(66, 'yudis@gmail.com', '$2y$10$gp4CfiEGE1FeRy/Xe2NVnemXsFBfFe8W9DqOtrl2FXZwEPQap60fu', 'patient');

--
-- Indexes for dumped tables
--

--
-- Indeks untuk tabel `admins`
--
ALTER TABLE `admins`
  ADD PRIMARY KEY (`id`),
  ADD KEY `user_id` (`user_id`);

--
-- Indeks untuk tabel `desa`
--
ALTER TABLE `desa`
  ADD PRIMARY KEY (`id`),
  ADD KEY `kecamatan_id` (`kecamatan_id`);

--
-- Indeks untuk tabel `diagnoses`
--
ALTER TABLE `diagnoses`
  ADD PRIMARY KEY (`id`),
  ADD KEY `patient_id` (`patient_id`),
  ADD KEY `doctor_id` (`doctor_id`);

--
-- Indeks untuk tabel `doctors`
--
ALTER TABLE `doctors`
  ADD PRIMARY KEY (`id`),
  ADD KEY `user_id` (`user_id`);

--
-- Indeks untuk tabel `drug`
--
ALTER TABLE `drug`
  ADD PRIMARY KEY (`id`),
  ADD KEY `admin_id` (`admin_id`);

--
-- Indeks untuk tabel `invoices`
--
ALTER TABLE `invoices`
  ADD PRIMARY KEY (`id`),
  ADD KEY `patient_id` (`patient_id`);

--
-- Indeks untuk tabel `kecamatan`
--
ALTER TABLE `kecamatan`
  ADD PRIMARY KEY (`id`);

--
-- Indeks untuk tabel `medicalinformation`
--
ALTER TABLE `medicalinformation`
  ADD PRIMARY KEY (`id`),
  ADD KEY `patient_id` (`patient_id`);

--
-- Indeks untuk tabel `patients`
--
ALTER TABLE `patients`
  ADD PRIMARY KEY (`id`),
  ADD KEY `user_id` (`user_id`),
  ADD KEY `kecamatan_id` (`kecamatan_id`),
  ADD KEY `desa_id` (`desa_id`);

--
-- Indeks untuk tabel `super_admins`
--
ALTER TABLE `super_admins`
  ADD PRIMARY KEY (`id_profile`),
  ADD KEY `user_id` (`user_id`);

--
-- Indeks untuk tabel `users`
--
ALTER TABLE `users`
  ADD PRIMARY KEY (`id`);

--
-- AUTO_INCREMENT untuk tabel yang dibuang
--

--
-- AUTO_INCREMENT untuk tabel `admins`
--
ALTER TABLE `admins`
  MODIFY `id` int NOT NULL AUTO_INCREMENT, AUTO_INCREMENT=6;

--
-- AUTO_INCREMENT untuk tabel `desa`
--
ALTER TABLE `desa`
  MODIFY `id` int NOT NULL AUTO_INCREMENT, AUTO_INCREMENT=365;

--
-- AUTO_INCREMENT untuk tabel `diagnoses`
--
ALTER TABLE `diagnoses`
  MODIFY `id` int NOT NULL AUTO_INCREMENT, AUTO_INCREMENT=3;

--
-- AUTO_INCREMENT untuk tabel `doctors`
--
ALTER TABLE `doctors`
  MODIFY `id` int NOT NULL AUTO_INCREMENT, AUTO_INCREMENT=37;

--
-- AUTO_INCREMENT untuk tabel `drug`
--
ALTER TABLE `drug`
  MODIFY `id` int NOT NULL AUTO_INCREMENT, AUTO_INCREMENT=364;

--
-- AUTO_INCREMENT untuk tabel `invoices`
--
ALTER TABLE `invoices`
  MODIFY `id` int NOT NULL AUTO_INCREMENT;

--
-- AUTO_INCREMENT untuk tabel `kecamatan`
--
ALTER TABLE `kecamatan`
  MODIFY `id` int NOT NULL AUTO_INCREMENT, AUTO_INCREMENT=31;

--
-- AUTO_INCREMENT untuk tabel `medicalinformation`
--
ALTER TABLE `medicalinformation`
  MODIFY `id` int NOT NULL AUTO_INCREMENT;

--
-- AUTO_INCREMENT untuk tabel `patients`
--
ALTER TABLE `patients`
  MODIFY `id` int NOT NULL AUTO_INCREMENT, AUTO_INCREMENT=8;

--
-- AUTO_INCREMENT untuk tabel `super_admins`
--
ALTER TABLE `super_admins`
  MODIFY `id_profile` int NOT NULL AUTO_INCREMENT, AUTO_INCREMENT=2;

--
-- AUTO_INCREMENT untuk tabel `users`
--
ALTER TABLE `users`
  MODIFY `id` int NOT NULL AUTO_INCREMENT, AUTO_INCREMENT=67;

--
-- Ketidakleluasaan untuk tabel pelimpahan (Dumped Tables)
--

--
-- Ketidakleluasaan untuk tabel `admins`
--
ALTER TABLE `admins`
  ADD CONSTRAINT `admins_ibfk_1` FOREIGN KEY (`user_id`) REFERENCES `users` (`id`);

--
-- Ketidakleluasaan untuk tabel `desa`
--
ALTER TABLE `desa`
  ADD CONSTRAINT `desa_ibfk_1` FOREIGN KEY (`kecamatan_id`) REFERENCES `kecamatan` (`id`);

--
-- Ketidakleluasaan untuk tabel `diagnoses`
--
ALTER TABLE `diagnoses`
  ADD CONSTRAINT `diagnoses_ibfk_1` FOREIGN KEY (`patient_id`) REFERENCES `patients` (`id`),
  ADD CONSTRAINT `diagnoses_ibfk_2` FOREIGN KEY (`doctor_id`) REFERENCES `doctors` (`id`);

--
-- Ketidakleluasaan untuk tabel `doctors`
--
ALTER TABLE `doctors`
  ADD CONSTRAINT `doctors_ibfk_1` FOREIGN KEY (`user_id`) REFERENCES `users` (`id`);

--
-- Ketidakleluasaan untuk tabel `drug`
--
ALTER TABLE `drug`
  ADD CONSTRAINT `drug_ibfk_1` FOREIGN KEY (`admin_id`) REFERENCES `admins` (`id`);

--
-- Ketidakleluasaan untuk tabel `invoices`
--
ALTER TABLE `invoices`
  ADD CONSTRAINT `invoices_ibfk_1` FOREIGN KEY (`patient_id`) REFERENCES `patients` (`id`);

--
-- Ketidakleluasaan untuk tabel `medicalinformation`
--
ALTER TABLE `medicalinformation`
  ADD CONSTRAINT `medicalinformation_ibfk_1` FOREIGN KEY (`patient_id`) REFERENCES `patients` (`id`) ON DELETE RESTRICT ON UPDATE RESTRICT;

--
-- Ketidakleluasaan untuk tabel `patients`
--
ALTER TABLE `patients`
  ADD CONSTRAINT `patients_ibfk_1` FOREIGN KEY (`kecamatan_id`) REFERENCES `kecamatan` (`id`) ON DELETE RESTRICT ON UPDATE RESTRICT,
  ADD CONSTRAINT `patients_ibfk_2` FOREIGN KEY (`desa_id`) REFERENCES `desa` (`id`) ON DELETE RESTRICT ON UPDATE RESTRICT;

--
-- Ketidakleluasaan untuk tabel `super_admins`
--
ALTER TABLE `super_admins`
  ADD CONSTRAINT `super_admins_ibfk_1` FOREIGN KEY (`user_id`) REFERENCES `users` (`id`);
COMMIT;

/*!40101 SET CHARACTER_SET_CLIENT=@OLD_CHARACTER_SET_CLIENT */;
/*!40101 SET CHARACTER_SET_RESULTS=@OLD_CHARACTER_SET_RESULTS */;
/*!40101 SET COLLATION_CONNECTION=@OLD_COLLATION_CONNECTION */;
