-- phpMyAdmin SQL Dump
-- version 5.2.1
-- https://www.phpmyadmin.net/
--
-- Host: 127.0.0.1
-- Generation Time: Jan 12, 2024 at 11:08 PM
-- Server version: 10.4.32-MariaDB
-- PHP Version: 8.2.12

SET SQL_MODE = "NO_AUTO_VALUE_ON_ZERO";
START TRANSACTION;
SET time_zone = "+00:00";


/*!40101 SET @OLD_CHARACTER_SET_CLIENT=@@CHARACTER_SET_CLIENT */;
/*!40101 SET @OLD_CHARACTER_SET_RESULTS=@@CHARACTER_SET_RESULTS */;
/*!40101 SET @OLD_COLLATION_CONNECTION=@@COLLATION_CONNECTION */;
/*!40101 SET NAMES utf8mb4 */;

--
-- Database: `seecare`
--

-- --------------------------------------------------------

--
-- Table structure for table `admins`
--

CREATE TABLE `admins` (
  `id` int(11) NOT NULL,
  `user_id` int(11) DEFAULT NULL,
  `first_name` varchar(50) NOT NULL,
  `last_name` varchar(50) NOT NULL,
  `contact` varchar(50) NOT NULL,
  `status_account` tinyint(1) NOT NULL
) ENGINE=InnoDB DEFAULT CHARSET=utf8mb4 COLLATE=utf8mb4_general_ci;

--
-- Dumping data for table `admins`
--

INSERT INTO `admins` (`id`, `user_id`, `first_name`, `last_name`, `contact`, `status_account`) VALUES
(4, 52, 'yunita', 'puspita', '123', 1),
(5, 53, 'fatimah', 'azahra', '123', 1),
(21, 87, 'ddmi', 'oke', '0888969432', 1),
(22, 88, 'dimas', '123', '076382174672', 1),
(23, 89, 'drive', 'note', '1247613871847', 1),
(24, 95, 'laila', 'mm', '08768768', 1);

--
-- Triggers `admins`
--
DELIMITER $$
CREATE TRIGGER `after_insert_admin` AFTER INSERT ON `admins` FOR EACH ROW BEGIN
    INSERT INTO backup_admins (first_name, last_name, contact)
    VALUES (NEW.first_name, NEW.last_name, NEW.contact);
END
$$
DELIMITER ;

-- --------------------------------------------------------

--
-- Table structure for table `backup_admins`
--

CREATE TABLE `backup_admins` (
  `id` int(11) NOT NULL,
  `first_name` varchar(50) NOT NULL,
  `last_name` varchar(50) NOT NULL,
  `contact` varchar(50) NOT NULL
) ENGINE=InnoDB DEFAULT CHARSET=utf8mb4 COLLATE=utf8mb4_general_ci;

--
-- Dumping data for table `backup_admins`
--

INSERT INTO `backup_admins` (`id`, `first_name`, `last_name`, `contact`) VALUES
(1, 'drive', 'note', '1247613871847'),
(2, 'laila', 'mm', '08768768');

-- --------------------------------------------------------

--
-- Table structure for table `backup_doctors`
--

CREATE TABLE `backup_doctors` (
  `id` int(11) NOT NULL,
  `first_name` varchar(50) NOT NULL,
  `last_name` varchar(50) NOT NULL,
  `contact` varchar(50) NOT NULL,
  `specialty` varchar(50) NOT NULL
) ENGINE=InnoDB DEFAULT CHARSET=utf8mb4 COLLATE=utf8mb4_general_ci;

--
-- Dumping data for table `backup_doctors`
--

INSERT INTO `backup_doctors` (`id`, `first_name`, `last_name`, `contact`, `specialty`) VALUES
(1, 'mia', 'maryam', '012739498712', 'Dokter Umum');

-- --------------------------------------------------------

--
-- Table structure for table `backup_patients`
--

CREATE TABLE `backup_patients` (
  `id` int(11) NOT NULL,
  `first_name` varchar(50) NOT NULL,
  `last_name` varchar(50) NOT NULL,
  `address` varchar(200) NOT NULL,
  `contact` varchar(75) NOT NULL
) ENGINE=InnoDB DEFAULT CHARSET=utf8mb4 COLLATE=utf8mb4_general_ci;

--
-- Dumping data for table `backup_patients`
--

INSERT INTO `backup_patients` (`id`, `first_name`, `last_name`, `address`, `contact`) VALUES
(1, 'malam', 'terakhir', 'bkp', '09979379042'),
(2, 'husni', 'banget', 'curug', '089201839871'),
(3, 'jaka', '123', 'krw', '01246786342');

-- --------------------------------------------------------

--
-- Table structure for table `desa`
--

CREATE TABLE `desa` (
  `id` int(11) NOT NULL,
  `name` varchar(50) NOT NULL,
  `kecamatan_id` int(11) NOT NULL
) ENGINE=InnoDB DEFAULT CHARSET=utf8mb4 COLLATE=utf8mb4_general_ci;

--
-- Dumping data for table `desa`
--

INSERT INTO `desa` (`id`, `name`, `kecamatan_id`) VALUES
(15, 'Banyuasih', 1),
(16, 'Cicinde Selatan', 1),
(17, 'Cicinde Utara', 1),
(18, 'Gembongan', 1),
(19, 'Gempol', 1),
(20, 'Gempolkolot', 1),
(21, 'Jayamukti', 1),
(22, 'Kutaraharja', 1),
(23, 'Mekarasih', 1),
(24, 'Pamekaran', 1),
(25, 'Talunjaya', 1),
(26, 'Tanjung', 1),
(27, 'Batujaya', 2),
(28, 'Baturaden', 2),
(29, 'Karyabakti', 2),
(30, 'Karyamakmur', 2),
(31, 'Karyamulya', 2),
(32, 'Kutaampel', 2),
(33, 'Segaran', 2),
(34, 'Segarjaya', 2),
(35, 'Telukambulu', 2),
(36, 'Telukbango', 2),
(37, 'Kutamekar', 3),
(38, 'Kutanegara', 3),
(39, 'Kutapohaci', 3),
(40, 'Mulyasari', 3),
(41, 'Mulyasejati', 3),
(42, 'Parungmulya', 3),
(43, 'Tegalega', 3),
(44, 'Cemarajaya', 4),
(45, 'Cibuaya', 4),
(46, 'Gebangjaya', 4),
(47, 'Jayamulya', 4),
(48, 'Kalidungjaya', 4),
(49, 'Kedungjaya', 4),
(50, 'Kedungjeruk', 4),
(51, 'Kertarahayu', 4),
(52, 'Pejaten', 4),
(53, 'Sedari', 4),
(54, 'Sukasari', 4),
(55, 'Cikampek Barat', 5),
(56, 'Cikampek Kota', 5),
(57, 'Cikampek Pusaka', 5),
(58, 'Cikampek Selatan', 5),
(59, 'Cikampek Timur', 5),
(60, 'Dawuan Barat', 5),
(61, 'Dawuan Tengah', 5),
(62, 'Dawuan Timur', 5),
(63, 'Kalihurip', 5),
(64, 'Kamojing', 5),
(65, 'Bayur Kidul', 6),
(66, 'Bayur Lor', 6),
(67, 'Kiara', 6),
(68, 'Langensari', 6),
(69, 'Manggungjaya', 6),
(70, 'Muktijaya', 6),
(71, 'Pasirjaya', 6),
(72, 'Pasirukem', 6),
(73, 'Sukajaya', 6),
(74, 'Sukamulya', 6),
(75, 'Sumurgede', 6),
(76, 'Tegalurung', 6),
(77, 'Cikalong', 7),
(78, 'Cikarang', 7),
(79, 'Cilamaya', 7),
(80, 'Mekarmaya', 7),
(81, 'Muara', 7),
(82, 'Muarabaru', 7),
(83, 'Rawagempol Kulon', 7),
(84, 'Rawagempol Wetan', 7),
(85, 'Sukakerta', 7),
(86, 'Sukatani', 7),
(87, 'Tegalsari', 7),
(88, 'Tegalwaru', 7),
(89, 'Cikande', 8),
(90, 'Ciptamargi', 8),
(91, 'Kertamukti', 8),
(92, 'Kosambibatu', 8),
(93, 'Mekarpohaci', 8),
(94, 'Pusakajaya Selatan', 8),
(95, 'Pusakajaya Utara', 8),
(96, 'Rawasari', 8),
(97, 'Sukaratu', 8),
(98, 'Tanjungsari', 8),
(99, 'Balonggandu', 9),
(100, 'Barugbug', 9),
(101, 'Cikalongsari', 9),
(102, 'Cirejag', 9),
(103, 'Jatibaru', 9),
(104, 'Jatiragas', 9),
(105, 'Jatisari', 9),
(106, 'Jatiwangi', 9),
(107, 'Kalijati', 9),
(108, 'Mekarsari', 9),
(109, 'Pacing', 9),
(110, 'Situdam', 9),
(111, 'Sukamekar', 9),
(112, 'Telarsari', 9),
(113, 'Ciptamarga', 10),
(114, 'Jayakerta', 10),
(115, 'Jayamakmur', 10),
(116, 'Kampungsawah', 10),
(117, 'Kemiri', 10),
(118, 'Kertajaya', 10),
(119, 'Makmurjaya', 10),
(120, 'Medangasem', 10),
(121, 'Adiarsa Barat', 11),
(122, 'Karangpawitan', 11),
(123, 'Karawang Kulon', 11),
(124, 'Mekarjati', 11),
(125, 'Nagasari', 11),
(126, 'Tanjungmekar', 11),
(127, 'Tanjungpura', 11),
(128, 'Tunggakjati', 11),
(129, 'Kondangjaya', 12),
(130, 'Margasari', 12),
(131, 'Tegalsawah', 12),
(132, 'Warungbambu', 12),
(133, 'Adiarsa Timur', 12),
(134, 'Karawang Wetan', 12),
(135, 'Palumbonsari', 12),
(136, 'Plawad', 12),
(137, 'Anggadita', 13),
(138, 'Belendung', 13),
(139, 'Cibalongsari', 13),
(140, 'Cimahi', 13),
(141, 'Curug', 13),
(142, 'Duren', 13),
(143, 'Gintungkerta', 13),
(144, 'Karanganyar', 13),
(145, 'Kiarapayung', 13),
(146, 'Klari', 13),
(147, 'Pancawati', 13),
(148, 'Sumurkondang', 13),
(149, 'Walahar', 13),
(150, 'Cikampek Utara', 14),
(151, 'Jomin Barat', 14),
(152, 'Jomin Timur', 14),
(153, 'Pangulah Baru', 14),
(154, 'Pangulah Selatan', 14),
(155, 'Pangulah Utara', 14),
(156, 'Pucung', 14),
(157, 'Sarimulya', 14),
(158, 'Wancimekar', 14),
(159, 'Kutagandok', 15),
(160, 'Kutajaya', 15),
(161, 'Kutakarya', 15),
(162, 'Kutamukti', 15),
(163, 'Kutaraja', 15),
(164, 'Mulyajaya', 15),
(165, 'Sampalan', 15),
(166, 'Sindangkarya', 15),
(167, 'Sindangmukti', 15),
(168, 'Sindangmulya', 15),
(169, 'Sindangsari', 15),
(170, 'Waluya', 15),
(171, 'Ciwaringin', 16),
(172, 'Karangtanjung', 16),
(173, 'Karyamukti', 16),
(174, 'Kedawung', 16),
(175, 'Lemahabang', 16),
(176, 'Lemahmukti', 16),
(177, 'Pasirtanjung', 16),
(178, 'Pulojaya', 16),
(179, 'Pulokalapa', 16),
(180, 'Pulomulya', 16),
(181, 'Waringinkarya', 16),
(182, 'Bengle', 17),
(183, 'Ciranggon', 17),
(184, 'Lemahmulya', 17),
(185, 'Majalaya', 17),
(186, 'Pasirjengkol', 17),
(187, 'Pasirmulya', 17),
(188, 'Sarijaya', 17),
(189, 'Solokan', 18),
(190, 'Talagajaya', 18),
(191, 'Tanahbaru', 18),
(192, 'Tanjungbungin', 18),
(193, 'Tanjungmekar', 18),
(194, 'Tanjungpakis', 18),
(195, 'Telukbuyung', 18),
(196, 'Telukjaya', 18),
(197, 'Cintaasih', 19),
(198, 'Ciptasari', 19),
(199, 'Jatilaksana', 19),
(200, 'Kertasari', 19),
(201, 'Medalsari', 19),
(202, 'Mulangsari', 19),
(203, 'Tamanmekar', 19),
(204, 'Tamansari', 19),
(205, 'Dongkal', 20),
(206, 'Jatimulya', 20),
(207, 'Karangjaya', 20),
(208, 'Kedaljaya', 20),
(209, 'Kertamulya', 20),
(210, 'Kertaraharja', 20),
(211, 'Labanjaya', 20),
(212, 'Malangsari', 20),
(213, 'Payungsari', 20),
(214, 'Puspasari', 20),
(215, 'Randumulya', 20),
(216, 'Sungaibuntu', 20),
(217, 'Cengkong', 21),
(218, 'Darawolong', 21),
(219, 'Karangsari', 21),
(220, 'Mekarjaya', 21),
(221, 'Purwasari', 21),
(222, 'Sukasari', 21),
(223, 'Tamelang', 21),
(224, 'Tegalsari', 21),
(225, 'Balongsari', 22),
(226, 'Cibadak', 22),
(227, 'Gombongsari', 22),
(228, 'Kutawargi', 22),
(229, 'Mekarjaya', 22),
(230, 'Panyingkiran', 22),
(231, 'Pasirawi', 22),
(232, 'Pasirkaliki', 22),
(233, 'Purwamekar', 22),
(234, 'Sekarwangi', 22),
(235, 'Sukamerta', 22),
(236, 'Sukapura', 22),
(237, 'Sukaraja', 22),
(238, 'Amansari', 23),
(239, 'Dewisari', 23),
(240, 'Dukuhkarya', 23),
(241, 'Kalangsari', 23),
(242, 'Kalangsuria', 23),
(243, 'Karyasari', 23),
(244, 'Kertasari', 23),
(245, 'Rengasdengklok Selatan', 23),
(246, 'Rengasdengklok Utara', 23),
(247, 'Cigunungsari', 24),
(248, 'Cintalaksana', 24),
(249, 'Cintalanggeng', 24),
(250, 'Cintawargi', 24),
(251, 'Cipurwasari', 24),
(252, 'Kutalanggeng', 24),
(253, 'Kutamaneuh', 24),
(254, 'Mekarbuana', 24),
(255, 'Wargasetra', 24),
(256, 'Cadaskertajaya', 25),
(257, 'Cariumulya', 25),
(258, 'Cilewo', 25),
(259, 'Ciwulan', 25),
(260, 'Kalibuaya', 25),
(261, 'Kalijaya', 25),
(262, 'Kalisari', 25),
(263, 'Linggarsari', 25),
(264, 'Pasirkamuning', 25),
(265, 'Pasirmukti', 25),
(266, 'Pasirtalaga', 25),
(267, 'Pulosari', 25),
(268, 'Talagamulya', 25),
(269, 'Talagasari', 25),
(270, 'Karangligar', 26),
(271, 'Karangmulya', 26),
(272, 'Margakaya', 26),
(273, 'Margamulya', 26),
(274, 'Mekarmulya', 26),
(275, 'Mulyajaya', 26),
(276, 'Parungsari', 26),
(277, 'Wanajaya', 26),
(278, 'Wanakerta', 26),
(279, 'Wanasari', 26),
(280, 'Pinayungan', 27),
(281, 'Purwadana', 27),
(282, 'Puseurjaya', 27),
(283, 'Sirnabaya', 27),
(284, 'Sukaharja', 27),
(285, 'Sukaluyu', 27),
(286, 'Sukamakmur', 27),
(287, 'Telukjambe', 27),
(288, 'Wadas', 27),
(289, 'Cikuntul', 28),
(290, 'Ciparagejaya', 28),
(291, 'Dayeuhluhur', 28),
(292, 'Jayanagara', 28),
(293, 'Lemahduhur', 28),
(294, 'Lemahkarya', 28),
(295, 'Lemahmakmur', 28),
(296, 'Lemahsubur', 28),
(297, 'Pagadungan', 28),
(298, 'Pancakarya', 28),
(299, 'Purwajaya', 28),
(300, 'Sumberjaya', 28),
(301, 'Tanjungjaya', 28),
(302, 'Tempuran', 28),
(303, 'Bolang', 29),
(304, 'Gempolkarya', 29),
(305, 'Kutamakmur', 29),
(306, 'Medankarya', 29),
(307, 'Pisangsambo', 29),
(308, 'Sabajaya', 29),
(309, 'Srijaya', 29),
(310, 'Srikamulyan', 29),
(311, 'Sumurlaban', 29),
(312, 'Tambaksari', 29),
(313, 'Tambaksumur', 29),
(354, 'Bolang', 30),
(355, 'Gempolkarya', 30),
(356, 'Kutamakmur', 30),
(357, 'Medankarya', 30),
(358, 'Pisangsambo', 30),
(359, 'Sabajaya', 30),
(360, 'Srijaya', 30),
(361, 'Srikamulyan', 30),
(362, 'Sumurlaban', 30),
(363, 'Tambaksari', 30),
(364, 'Tambaksumur', 30);

-- --------------------------------------------------------

--
-- Table structure for table `diagnoses`
--

CREATE TABLE `diagnoses` (
  `id` int(11) NOT NULL,
  `patient_id` int(11) DEFAULT NULL,
  `doctor_id` int(11) DEFAULT NULL,
  `diagnosis` text DEFAULT NULL,
  `diagnosis_information` varchar(255) NOT NULL,
  `date` date DEFAULT NULL
) ENGINE=InnoDB DEFAULT CHARSET=utf8mb4 COLLATE=utf8mb4_general_ci;

--
-- Dumping data for table `diagnoses`
--

INSERT INTO `diagnoses` (`id`, `patient_id`, `doctor_id`, `diagnosis`, `diagnosis_information`, `date`) VALUES
(5, 3, 34, 'meriang', 'mengigil', '2024-01-10'),
(6, 3, 34, 'meriang', 'mengigil', '2024-01-10'),
(7, 3, 34, 'meriang', 'mengigil', '2024-01-10');

-- --------------------------------------------------------

--
-- Table structure for table `doctors`
--

CREATE TABLE `doctors` (
  `id` int(11) NOT NULL,
  `user_id` int(11) DEFAULT NULL,
  `first_name` varchar(50) DEFAULT NULL,
  `last_name` varchar(50) NOT NULL,
  `contact` varchar(50) NOT NULL,
  `specialty` varchar(50) DEFAULT NULL,
  `status_account` tinyint(1) NOT NULL DEFAULT 1
) ENGINE=InnoDB DEFAULT CHARSET=utf8mb4 COLLATE=utf8mb4_general_ci;

--
-- Dumping data for table `doctors`
--

INSERT INTO `doctors` (`id`, `user_id`, `first_name`, `last_name`, `contact`, `specialty`, `status_account`) VALUES
(34, 56, 'Budi', 'Santoso', '08123456789', 'Doctor Umum', 1),
(35, 57, 'dewi', 'susanti', '08543210987', 'Doctor Umum', 1),
(36, 58, 'Agus', 'Wijaya', '08765432100', 'Doctor Umum', 1);

--
-- Triggers `doctors`
--
DELIMITER $$
CREATE TRIGGER `after_insert_doctor` AFTER INSERT ON `doctors` FOR EACH ROW BEGIN
    INSERT INTO backup_doctors (first_name, last_name, contact, specialty)
    VALUES (NEW.first_name, NEW.last_name, NEW.contact, NEW.specialty);
END
$$
DELIMITER ;

-- --------------------------------------------------------

--
-- Table structure for table `drug`
--

CREATE TABLE `drug` (
  `id` int(11) NOT NULL,
  `nama_obat` varchar(50) DEFAULT NULL,
  `harga_beli` int(11) DEFAULT NULL,
  `admin_id` int(11) DEFAULT NULL,
  `harga_jual` int(11) DEFAULT NULL
) ENGINE=InnoDB DEFAULT CHARSET=utf8mb4 COLLATE=utf8mb4_general_ci;

--
-- Dumping data for table `drug`
--

INSERT INTO `drug` (`id`, `nama_obat`, `harga_beli`, `admin_id`, `harga_jual`) VALUES
(4, 'Zoralin', 24600, 4, 26600),
(5, 'Zinc', 20600, 5, 22600),
(6, 'Zevit Grow', 14600, 4, 16600),
(7, 'Zenirex', 13200, 5, 15200),
(8, 'Yusimox', 24400, 5, 26400),
(9, 'Woods Merah', 16000, 4, 18000),
(10, 'Woods Biru', 28400, 4, 30400),
(11, 'Wiros', 15500, 5, 17500),
(12, 'Waisan', 21500, 5, 23500),
(13, 'Voren Gel', 15800, 5, 17800),
(14, 'Vometa Syr', 21600, 4, 23600),
(15, 'Voltaren Gel', 14500, 4, 16500),
(16, 'Voltadex', 14300, 4, 16300),
(17, 'Vitaquin', 21700, 5, 23700),
(18, 'Vitalong-C', 23900, 4, 25900),
(19, 'Vital Ear Oil', 27700, 5, 29700),
(20, 'Vitacimin', 16900, 5, 18900),
(21, 'Visine', 22300, 4, 24300),
(22, 'Viostin DS', 27700, 4, 29700),
(23, 'Viks Vaporub', 28000, 5, 30000),
(24, 'Viks Formula', 15700, 4, 17700),
(25, 'Vigel', 17600, 4, 19600),
(26, 'Vicee', 14000, 5, 16000),
(27, 'Verril Gel', 29600, 4, 31600),
(28, 'Vermint', 29800, 4, 31800),
(29, 'Ventolin Inhaler', 19600, 5, 21600),
(30, 'Venaron', 22500, 5, 24500),
(31, 'Vegeblend 21Jr', 10500, 5, 12500),
(32, 'Vastigo', 27100, 4, 29100),
(33, 'Ultraflu', 18000, 4, 20000),
(34, 'Ultracilline', 29500, 5, 31500),
(35, 'Ultracap', 20400, 4, 22400),
(36, 'UC 1000', 26400, 5, 28400),
(37, 'Tuzalos', 18500, 5, 20500),
(38, 'Triaminic Pilek', 26700, 5, 28700),
(39, 'Transpulmin Syr', 24200, 4, 26200),
(40, 'Tonikum Bayer', 10900, 4, 12900),
(41, 'Tolak Angin', 28600, 4, 30600),
(42, 'Thrombophop', 14400, 5, 16400),
(43, 'Thrombo Aspilet', 16800, 5, 18800),
(44, 'Thiampenicol', 11700, 5, 13700),
(45, 'Tetracycline', 16200, 5, 18200),
(46, 'Tetayogin', 13500, 4, 15500),
(47, 'Termorex', 14500, 5, 16500),
(48, 'Termolyte', 27600, 4, 29600),
(49, 'Teosal', 10200, 4, 12200),
(50, 'Tempra Syr', 20200, 4, 22200),
(51, 'Tay Pin San', 23000, 5, 25000),
(52, 'Tamr', 15300, 4, 17300),
(53, 'Syamil', 26700, 4, 28700),
(54, 'Supravit', 21300, 4, 23300),
(55, 'Supramox', 26700, 4, 28700),
(56, 'Super Tetra', 12000, 5, 14000),
(57, 'Sumagesic', 28400, 5, 30400),
(58, 'Stop-X', 15500, 5, 17500),
(59, 'Stimuno Syr', 25400, 5, 27400),
(60, 'Sriti', 22200, 4, 24200),
(61, 'Spasminal', 21300, 4, 23300),
(62, 'Solinfec', 21400, 4, 23400),
(63, 'Silex', 24300, 5, 26300),
(64, 'Siladex Hijau', 25400, 4, 27400),
(65, 'Siladex Biru', 13600, 5, 15600),
(66, 'Seven Seas', 11800, 5, 13800),
(67, 'Sensitif', 17800, 5, 19800),
(68, 'Scotts Emulsion', 19000, 4, 21000),
(69, 'Scopma Plus', 15100, 5, 17100),
(70, 'Saridon', 17700, 5, 19700),
(71, 'Sanprima', 11700, 4, 13700),
(72, 'Sanmol Syr', 17800, 5, 19800),
(73, 'Sangobion', 12000, 4, 14000),
(74, 'Sanadryl', 13900, 5, 15900),
(75, 'Salep 88', 11900, 4, 13900),
(76, 'Salbuven', 17000, 4, 19000),
(77, 'Salbutamol', 23000, 5, 25000),
(78, 'Sakatonik Liver', 30000, 4, 32000),
(79, 'Sakatonik ABC', 22300, 4, 24300),
(80, 'Rohto Cool', 24000, 4, 26000),
(81, 'Rivanol 300cc', 12300, 5, 14300),
(82, 'Riboquin', 20200, 5, 22200),
(83, 'Rhinos', 10400, 5, 12400),
(84, 'Rhinofed', 10000, 5, 12000),
(85, 'Resochin', 17400, 4, 19400),
(86, 'Renadinac', 15300, 5, 17300),
(87, 'Remasal', 21300, 4, 23300),
(88, 'Remafar', 15800, 4, 17800),
(89, 'Redoxon', 17800, 4, 19800),
(90, 'Rapet Wangi', 16400, 5, 18400),
(91, 'Ranitidin', 26500, 5, 28500),
(92, 'Pyrexin', 10600, 5, 12600),
(93, 'Pure Baby', 14300, 5, 16300),
(94, 'Proris Syr', 15400, 4, 17400),
(95, 'Pronicy', 25700, 4, 27700),
(96, 'Promag', 20100, 4, 22100),
(97, 'Procold', 14600, 5, 16600),
(98, 'Praxion Syr', 16100, 5, 18100),
(99, 'Poncolin', 14400, 4, 16400),
(100, 'Poncodryl', 19800, 5, 21800),
(101, 'Polysilane Syr', 28600, 4, 30600),
(102, 'Poldanmig', 29000, 5, 31000),
(103, 'Plantacid Forte Syr', 22900, 4, 24900),
(104, 'PK', 22800, 4, 24800),
(105, 'Piroxicam', 11500, 5, 13500),
(106, 'Pimtrakol', 10400, 5, 12400),
(107, 'Pilkita', 17900, 5, 19900),
(108, 'Pil Tuntas', 15200, 4, 17200),
(109, 'Pharmaton Formula', 10100, 5, 12100),
(110, 'Peditox', 22200, 5, 24200),
(111, 'Pectum', 10300, 4, 12300),
(112, 'Paratusin Tab', 19600, 5, 21600),
(113, 'Paramex', 17500, 4, 19500),
(114, 'Paracetamol', 29500, 4, 31500),
(115, 'Panadol', 12400, 4, 14400),
(116, 'Pamol Syr', 18300, 5, 20300),
(117, 'Pamol', 11800, 4, 13800),
(118, 'Pacdin Cough', 14300, 5, 16300),
(119, 'Otopain', 16300, 4, 18300),
(120, 'Otolin', 29900, 4, 31900),
(121, 'Oskadon', 12900, 4, 14900),
(122, 'Orikids', 27700, 5, 29700),
(123, 'Opistan', 21200, 5, 23200),
(124, 'Omestan', 24500, 4, 26500),
(125, 'Omepros', 26900, 4, 28900),
(126, 'Omeprazol', 20400, 5, 22400),
(127, 'OBP Itrasal', 11600, 4, 13600),
(128, 'Obida', 25700, 4, 27700),
(129, 'OBH Nellco', 20900, 4, 22900),
(130, 'OBH Itrasal', 29000, 4, 31000),
(131, 'OBH Combi Dewasa', 14200, 5, 16200),
(132, 'OBH Combi Anak', 21000, 4, 23000),
(133, 'OB Herbal', 13400, 5, 15400),
(134, 'Nouriskin', 18300, 5, 20300),
(135, 'Nosib', 27300, 5, 29300),
(136, 'Nifedipine', 10800, 5, 12800),
(137, 'Neuremacyl Tab', 21600, 5, 23600),
(138, 'Neozep Forte', 19200, 5, 21200),
(139, 'Naturslim', 11400, 4, 13400),
(140, 'Natur-E', 15400, 5, 17400),
(141, 'Napacin', 17800, 5, 19800),
(142, 'Mylanta Tab', 15200, 4, 17200),
(143, 'Mycroginon', 17900, 5, 19900),
(144, 'Mycoral Cr', 18300, 4, 20300),
(145, 'Mycoral', 13900, 4, 15900),
(146, 'Mucos', 24000, 4, 26000),
(147, 'Mucohexin', 22700, 4, 24700),
(148, 'Mucera', 12600, 5, 14600),
(149, 'Mixagrip', 16300, 4, 18300),
(150, 'Mirasic', 23100, 5, 25100),
(151, 'Milmor', 28400, 5, 30400),
(152, 'Miconazole', 17500, 5, 19500),
(153, 'Mextril', 24300, 5, 26300),
(154, 'Mexon', 17900, 5, 19900),
(155, 'Meviton', 23000, 5, 25000),
(156, 'Metronidazole', 12600, 5, 14600),
(157, 'Methyl Prednisolone', 24900, 4, 26900),
(158, 'Metformin', 24400, 5, 26400),
(159, 'Mertigo', 23300, 5, 25300),
(160, 'Merit', 26000, 5, 28000),
(161, 'Meloxicam', 23400, 5, 25400),
(162, 'Melanox', 22800, 4, 24800),
(163, 'Mefix', 16900, 4, 18900),
(164, 'Mefinal', 11300, 5, 13300),
(165, 'Mediklin-TR', 23400, 4, 25400),
(166, 'Medicated Oil', 10300, 5, 12300),
(167, 'Mapoh', 17300, 5, 19300),
(168, 'Madu Rasa', 19200, 5, 21200),
(169, 'M.A Lang', 26000, 4, 28000),
(170, 'M.A Kapak', 10800, 5, 12800),
(171, 'Lodia', 24800, 4, 26800),
(172, 'Lerzin Syr', 17000, 5, 19000),
(173, 'Lelap', 28500, 5, 30500),
(174, 'Laxing', 19500, 5, 21500),
(175, 'Laserin', 25100, 4, 27100),
(176, 'Lansoprazol', 22400, 5, 24400),
(177, 'Lancar Asi', 22200, 5, 24200),
(178, 'Lacto-B', 26000, 5, 28000),
(179, 'Lactacyd Baby', 14400, 5, 16400),
(180, 'Konidin', 29300, 4, 31300),
(181, 'Komix', 26600, 4, 28600),
(182, 'Kiranti', 25200, 5, 27200),
(183, 'Ketokonazole', 12200, 4, 14200),
(184, 'Kapsida', 22900, 5, 24900),
(185, 'Kaotin', 11600, 4, 13600),
(186, 'Kandistatin', 16100, 5, 18100),
(187, 'Kalpanax Cr', 12300, 5, 14300),
(188, 'Kaflam', 21800, 4, 23800),
(189, 'Kaditic', 25500, 5, 27500),
(190, 'Irgapan', 24600, 5, 26600),
(191, 'Intunal F', 13400, 5, 15400),
(192, 'Interhistin', 19800, 4, 21800),
(193, 'Insto', 23000, 4, 25000),
(194, 'Inflason', 22900, 5, 24900),
(195, 'Incidal', 26000, 5, 28000),
(196, 'Inamid', 27400, 4, 29400),
(197, 'Imunos', 13000, 5, 15000),
(198, 'Imodium', 22000, 4, 24000),
(199, 'Imboost Tab', 13500, 5, 15500),
(200, 'Imboost Syr', 20800, 4, 22800),
(201, 'Ibuprofen', 19200, 5, 21200),
(202, 'Hydrocortison', 19600, 5, 21600),
(203, 'Hufanoxil Tab', 21000, 4, 23000),
(204, 'Hufanoxil Syr', 15900, 5, 17900),
(205, 'Hufamag', 20400, 5, 22400),
(206, 'Hufagrip Pilek', 28500, 4, 30500),
(207, 'Hufagrip Flu', 29900, 4, 31900),
(208, 'Hufagrip BP', 19200, 4, 21200),
(209, 'Hufadine', 21000, 4, 23000),
(210, 'Hufabion', 11600, 4, 13600),
(211, 'Hotin Cream', 23500, 5, 25500),
(212, 'Hormoviton', 28700, 4, 30700),
(213, 'Histigo', 23600, 4, 25600),
(214, 'Herocyn', 16600, 4, 18600),
(215, 'Hemaviton', 11700, 5, 13700),
(216, 'Halmezin', 14100, 4, 16100),
(217, 'Habatussauda', 20100, 4, 22100),
(218, 'Guanistrep', 19400, 5, 21400),
(219, 'Gratazhon', 13500, 4, 15500),
(220, 'Grantusif', 21700, 4, 23700),
(221, 'Grafadon', 21300, 5, 23300),
(222, 'GPU', 19100, 4, 21100),
(223, 'GOM', 22400, 5, 24400),
(224, 'Glucodex', 13200, 5, 15200),
(225, 'Glikos', 12200, 5, 14200),
(226, 'Glidabet', 27000, 5, 29000),
(227, 'Glibenclamid', 24500, 4, 26500),
(228, 'Gentong Mas', 27400, 5, 29400),
(229, 'Gentian Violet', 25200, 5, 27200),
(230, 'Gastrucid', 12200, 5, 14200),
(231, 'Gastrinal', 20600, 5, 22600),
(232, 'Gabiten', 13000, 4, 15000),
(233, 'Fruit 18Jr', 16200, 4, 18200),
(234, 'Forbetes', 13300, 4, 15300),
(235, 'Flutamol', 17000, 4, 19000),
(236, 'Fludane Plus', 10600, 4, 12600),
(237, 'Flucadex', 17300, 5, 19300),
(238, 'Fitkom Gummy', 17100, 5, 19100),
(239, 'Firdaus Oil', 19600, 4, 21600),
(240, 'Fimediab', 19100, 4, 21100),
(241, 'FG Troches', 27700, 4, 29700),
(242, 'Feminax', 29500, 5, 31500),
(243, 'Fatigon Spirit', 22600, 4, 24600),
(244, 'Fasidol Forte', 22800, 5, 24800),
(245, 'Ever-E', 16500, 4, 18500),
(246, 'Etamox', 23400, 4, 25400),
(247, 'Ester-C', 28000, 4, 30000),
(248, 'Erythromicyn', 30000, 4, 32000),
(249, 'Epexol', 24800, 4, 26800),
(250, 'Enkasari', 11100, 5, 13100),
(251, 'Enervon-C', 20100, 5, 22100),
(252, 'Em-Kapsul', 17100, 4, 19100),
(253, 'Dumex', 21600, 5, 23600),
(254, 'Dulcolax', 21300, 5, 23300),
(255, 'Doxyciclyn', 22100, 4, 24100),
(256, 'Diprogenta', 15700, 4, 17700),
(257, 'Digenta', 15500, 5, 17500),
(258, 'Diapet', 24200, 5, 26200),
(259, 'Dialet', 29600, 5, 31600),
(260, 'Dexteem Plus', 12900, 4, 14900),
(261, 'Dextamine', 14700, 4, 16700),
(262, 'Dexanta Tab', 23300, 4, 25300),
(263, 'Dexanta Syr', 28500, 5, 30500),
(264, 'Dexametasone', 29500, 4, 31500),
(265, 'Dermatix', 12700, 5, 14700),
(266, 'Dentasol', 28200, 4, 30200),
(267, 'Delipus', 26700, 5, 28700),
(268, 'Degirol', 25200, 4, 27200),
(269, 'Decubal', 27300, 5, 29300),
(270, 'Decolsin', 19500, 4, 21500),
(271, 'Decolgen', 16200, 5, 18200),
(272, 'Decadryl', 14300, 5, 16300),
(273, 'Damaben Syr', 10600, 4, 12600),
(274, 'Daktarin', 13900, 5, 15900),
(275, 'Cussons Powder', 27600, 4, 29600),
(276, 'Curvit', 18200, 5, 20200),
(277, 'Curcuma', 14400, 4, 16400),
(278, 'CTM', 20200, 4, 22200),
(279, 'Counterpain', 26800, 5, 28800),
(280, 'Coparcetin', 14100, 4, 16100),
(281, 'Combantrine Tab', 21700, 5, 23700),
(282, 'Combantrine Syr', 17200, 4, 19200),
(283, 'Colfin', 11800, 4, 13800),
(284, 'Coldrexin', 13800, 5, 15800),
(285, 'Clindamicyn', 17400, 5, 19400),
(286, 'Citocetin', 24500, 4, 26500),
(287, 'Ciprofloxacin', 24000, 5, 26000),
(288, 'Chloramphenicol', 28300, 5, 30300),
(289, 'Cetirizine', 13900, 5, 15900),
(290, 'Cerebrovit Excell', 27900, 5, 29900),
(291, 'Cefixime', 22900, 4, 24900),
(292, 'Cefadroxil', 19000, 4, 21000),
(293, 'CDR', 12100, 4, 14100),
(294, 'Caviplex', 20000, 5, 22000),
(295, 'Cataflam', 17300, 5, 19300),
(296, 'Carbidu', 29900, 4, 31900),
(297, 'Captopril', 19900, 4, 21900),
(298, 'Canesten', 10500, 4, 12500),
(299, 'Caladine Powder', 15600, 4, 17600),
(300, 'C IPI', 22400, 4, 24400),
(301, 'Bufacaryl', 16500, 4, 18500),
(302, 'Bronchitin', 14500, 4, 16500),
(303, 'Broadamox', 12700, 4, 14700),
(304, 'Braito', 16100, 5, 18100),
(305, 'Boraginol-S', 10400, 5, 12400),
(306, 'Boraginol-N', 19500, 5, 21500),
(307, 'Bodrex', 22800, 5, 24800),
(308, 'Bison', 29800, 5, 31800),
(309, 'Bisolvon Kids', 22600, 5, 24600),
(310, 'Bisolvon Extra', 11000, 4, 13000),
(311, 'Biosanbe', 18800, 5, 20800),
(312, 'Bioplacenton', 26100, 5, 28100),
(313, 'Biogesic', 11300, 5, 13300),
(314, 'Bio Calci', 14300, 4, 16300),
(315, 'Betominplex', 27300, 4, 29300),
(316, 'Betason-N Cr', 19300, 5, 21300),
(317, 'Betason Cr', 25300, 4, 27300),
(318, 'Betametason Cr', 30000, 4, 32000),
(319, 'Betadine', 30000, 4, 32000),
(320, 'Berlizon', 28500, 5, 30500),
(321, 'Benoson-N', 23200, 5, 25200),
(322, 'Benoson', 15300, 5, 17300),
(323, 'Becom-C', 21000, 4, 23000),
(324, 'Batugin', 20800, 5, 22800),
(325, 'Balsem Lang', 22600, 4, 24600),
(326, 'Balsem Geliga', 12000, 4, 14000),
(327, 'Baby Cough', 29800, 5, 31800),
(328, 'Avail', 14600, 4, 16600),
(329, 'Asifit', 25600, 4, 27600),
(330, 'Asam Mefenamat', 28300, 5, 30300),
(331, 'Arcapec', 13900, 4, 15900),
(332, 'Apialys', 11200, 5, 13200),
(333, 'Antimo', 15800, 5, 17800),
(334, 'Antasida Doen', 16000, 4, 18000),
(335, 'Antangin', 12500, 4, 14500),
(336, 'Antalgin', 26300, 5, 28300),
(337, 'Anfuhex', 24500, 5, 26500),
(338, 'Andalan Laktasi', 27600, 4, 29600),
(339, 'Andalan KB', 22900, 4, 24900),
(340, 'Anastan', 22900, 5, 24900),
(341, 'Anakonidin', 22400, 4, 24400),
(342, 'Anacetin', 12200, 5, 14200),
(343, 'Ampicilline', 14200, 4, 16200),
(344, 'Amoxicilline', 26200, 4, 28200),
(345, 'Amoxan', 24500, 4, 26500),
(346, 'Amlodipin', 13100, 4, 15100),
(347, 'Ambroxol', 26200, 4, 28200),
(348, 'Ambeven', 16700, 4, 18700),
(349, 'Alphamol', 19100, 5, 21100),
(350, 'Alpara', 23200, 4, 25200),
(351, 'Alludona D', 20500, 4, 22500),
(352, 'Allopurinol', 18900, 4, 20900),
(353, 'Allofar', 23700, 5, 25700),
(354, 'Alleron', 20400, 4, 22400),
(355, 'Allerin', 12400, 4, 14400),
(356, 'Aljazira', 15800, 5, 17800),
(357, 'Alcohol 300cc', 17800, 4, 19800),
(358, 'Alco Syr', 29200, 4, 31200),
(359, 'Albothyl', 25600, 5, 27600),
(360, 'Akurat', 26300, 5, 28300),
(361, 'Adem Sari', 10500, 4, 12500),
(362, 'Acyclovir Cr', 14100, 4, 16100),
(374, 'uno', 21500, 4, 25000);

-- --------------------------------------------------------

--
-- Table structure for table `drug_stock`
--

CREATE TABLE `drug_stock` (
  `stock_id` int(11) NOT NULL,
  `drug_id` int(11) DEFAULT NULL,
  `quantity` int(11) NOT NULL,
  `expired_date` date NOT NULL,
  `status` tinyint(1) NOT NULL DEFAULT 1,
  `created_date` timestamp NULL DEFAULT current_timestamp()
) ENGINE=InnoDB DEFAULT CHARSET=utf8mb4 COLLATE=utf8mb4_general_ci;

--
-- Dumping data for table `drug_stock`
--

INSERT INTO `drug_stock` (`stock_id`, `drug_id`, `quantity`, `expired_date`, `status`, `created_date`) VALUES
(1, 4, 80, '2027-10-18', 1, '2023-09-08 17:00:00'),
(2, 5, 160, '2026-03-13', 1, '2023-09-08 17:00:00'),
(3, 6, 110, '2026-12-05', 1, '2023-09-08 17:00:00'),
(4, 7, 70, '2026-02-04', 1, '2023-09-08 17:00:00'),
(5, 8, 110, '2027-10-08', 1, '2023-09-08 17:00:00'),
(6, 9, 110, '2026-05-31', 1, '2023-09-08 17:00:00'),
(7, 10, 140, '2027-05-21', 1, '2023-09-08 17:00:00'),
(8, 11, 80, '2027-01-08', 1, '2023-09-08 17:00:00'),
(9, 12, 70, '2026-12-27', 1, '2023-09-08 17:00:00'),
(10, 13, 130, '2026-10-01', 1, '2023-09-08 17:00:00'),
(11, 14, 180, '2027-05-10', 1, '2023-09-08 17:00:00'),
(12, 15, 100, '2027-08-25', 1, '2023-09-08 17:00:00'),
(13, 16, 80, '2026-08-28', 1, '2023-09-08 17:00:00'),
(14, 17, 200, '2028-01-05', 1, '2023-09-08 17:00:00'),
(15, 18, 180, '2027-07-19', 1, '2023-09-08 17:00:00'),
(16, 19, 190, '2027-06-07', 1, '2023-09-08 17:00:00'),
(17, 20, 200, '2027-05-15', 1, '2023-09-08 17:00:00'),
(18, 21, 100, '2027-08-13', 1, '2023-09-08 17:00:00'),
(19, 22, 100, '2026-06-09', 1, '2023-09-08 17:00:00'),
(20, 23, 110, '2027-01-25', 1, '2023-09-08 17:00:00'),
(21, 24, 50, '2027-03-21', 1, '2023-09-08 17:00:00'),
(22, 25, 90, '2027-11-16', 1, '2023-09-08 17:00:00'),
(23, 26, 50, '2026-08-24', 1, '2023-09-08 17:00:00'),
(24, 27, 200, '2026-10-15', 1, '2023-09-08 17:00:00'),
(25, 28, 70, '2027-11-03', 1, '2023-09-08 17:00:00'),
(26, 29, 140, '2026-10-23', 1, '2023-09-08 17:00:00'),
(27, 30, 60, '2026-11-22', 1, '2023-09-08 17:00:00'),
(28, 31, 130, '2026-03-16', 1, '2023-09-08 17:00:00'),
(29, 32, 50, '2026-07-12', 1, '2023-09-08 17:00:00'),
(30, 33, 110, '2027-06-23', 1, '2023-09-08 17:00:00'),
(31, 34, 170, '2026-12-12', 1, '2023-09-08 17:00:00'),
(32, 35, 60, '2026-09-14', 1, '2023-09-08 17:00:00'),
(33, 36, 180, '2027-05-11', 1, '2023-09-08 17:00:00'),
(34, 37, 80, '2026-10-25', 1, '2023-09-08 17:00:00'),
(35, 38, 70, '2027-04-09', 1, '2023-09-08 17:00:00'),
(36, 39, 60, '2027-06-29', 1, '2023-09-08 17:00:00'),
(37, 40, 70, '2026-01-15', 1, '2023-09-08 17:00:00'),
(38, 41, 80, '2027-09-30', 1, '2023-09-08 17:00:00'),
(39, 42, 190, '2026-04-11', 1, '2023-09-08 17:00:00'),
(40, 43, 70, '2026-09-10', 1, '2023-09-08 17:00:00'),
(41, 44, 70, '2027-11-12', 1, '2023-09-08 17:00:00'),
(42, 45, 180, '2026-11-16', 1, '2023-09-08 17:00:00'),
(43, 46, 200, '2026-04-24', 1, '2023-09-08 17:00:00'),
(44, 47, 150, '2027-10-06', 1, '2023-09-08 17:00:00'),
(45, 48, 190, '2027-07-30', 1, '2023-09-08 17:00:00'),
(46, 49, 180, '2027-02-22', 1, '2023-09-08 17:00:00'),
(47, 50, 160, '2026-10-10', 1, '2023-09-08 17:00:00'),
(48, 51, 200, '2026-12-11', 1, '2023-09-08 17:00:00'),
(49, 52, 110, '2027-02-01', 1, '2023-09-08 17:00:00'),
(50, 53, 160, '2026-02-20', 1, '2023-09-08 17:00:00'),
(51, 54, 80, '2026-08-30', 1, '2023-09-08 17:00:00'),
(52, 55, 80, '2027-02-02', 1, '2023-09-08 17:00:00'),
(53, 56, 150, '2027-02-16', 1, '2023-09-08 17:00:00'),
(54, 57, 120, '2026-01-18', 1, '2023-09-08 17:00:00'),
(55, 58, 90, '2026-12-18', 1, '2023-09-08 17:00:00'),
(56, 59, 120, '2027-04-27', 1, '2023-09-08 17:00:00'),
(57, 60, 130, '2026-09-20', 1, '2023-09-08 17:00:00'),
(58, 61, 180, '2027-03-06', 1, '2023-09-08 17:00:00'),
(59, 62, 160, '2026-03-07', 1, '2023-09-08 17:00:00'),
(60, 63, 60, '2026-03-20', 1, '2023-09-08 17:00:00'),
(61, 64, 180, '2027-04-13', 1, '2023-09-08 17:00:00'),
(62, 65, 130, '2026-02-02', 1, '2023-09-08 17:00:00'),
(63, 66, 130, '2026-07-24', 1, '2023-09-08 17:00:00'),
(64, 67, 190, '2026-12-09', 1, '2023-09-08 17:00:00'),
(65, 68, 60, '2026-12-09', 1, '2023-09-08 17:00:00'),
(66, 69, 80, '2027-08-27', 1, '2023-09-08 17:00:00'),
(67, 70, 140, '2027-07-17', 1, '2023-09-08 17:00:00'),
(68, 71, 100, '2026-08-30', 1, '2023-09-08 17:00:00'),
(69, 72, 80, '2027-07-09', 1, '2023-09-08 17:00:00'),
(70, 73, 90, '2027-01-16', 1, '2023-09-08 17:00:00'),
(71, 74, 140, '2027-06-16', 1, '2023-09-08 17:00:00'),
(72, 75, 200, '2026-03-29', 1, '2023-09-08 17:00:00'),
(73, 76, 180, '2026-01-25', 1, '2023-09-08 17:00:00'),
(74, 77, 90, '2027-11-05', 1, '2023-09-08 17:00:00'),
(75, 78, 140, '2026-04-17', 1, '2023-09-08 17:00:00'),
(76, 79, 60, '2026-12-17', 1, '2023-09-08 17:00:00'),
(77, 80, 190, '2027-02-12', 1, '2023-09-08 17:00:00'),
(78, 81, 60, '2027-05-14', 1, '2023-09-08 17:00:00'),
(79, 82, 190, '2026-05-19', 1, '2023-09-08 17:00:00'),
(80, 83, 200, '2026-12-03', 1, '2023-09-08 17:00:00'),
(81, 84, 90, '2026-11-04', 1, '2023-09-08 17:00:00'),
(82, 85, 70, '2026-05-07', 1, '2023-09-08 17:00:00'),
(83, 86, 170, '2027-08-07', 1, '2023-09-08 17:00:00'),
(84, 87, 190, '2027-07-29', 1, '2023-09-08 17:00:00'),
(85, 88, 80, '2027-06-07', 1, '2023-09-08 17:00:00'),
(86, 89, 170, '2027-10-04', 1, '2023-09-08 17:00:00'),
(87, 90, 130, '2027-05-09', 1, '2023-09-08 17:00:00'),
(88, 91, 120, '2026-09-05', 1, '2023-09-08 17:00:00'),
(89, 92, 120, '2027-10-09', 1, '2023-09-08 17:00:00'),
(90, 93, 170, '2026-05-17', 1, '2023-09-08 17:00:00'),
(91, 94, 140, '2027-10-25', 1, '2023-09-08 17:00:00'),
(92, 95, 170, '2027-01-17', 1, '2023-09-08 17:00:00'),
(93, 96, 190, '2027-06-02', 1, '2023-09-08 17:00:00'),
(94, 97, 110, '2026-03-14', 1, '2023-09-08 17:00:00'),
(95, 98, 80, '2026-05-18', 1, '2023-09-08 17:00:00'),
(96, 99, 90, '2026-12-03', 1, '2023-09-08 17:00:00'),
(97, 100, 150, '2027-12-31', 1, '2023-09-08 17:00:00'),
(98, 101, 90, '2027-12-20', 1, '2023-09-08 17:00:00'),
(99, 102, 110, '2026-02-03', 1, '2023-09-08 17:00:00'),
(100, 103, 70, '2026-11-03', 1, '2023-09-08 17:00:00'),
(101, 104, 170, '2027-11-04', 1, '2023-09-08 17:00:00'),
(102, 105, 80, '2027-01-14', 1, '2023-09-08 17:00:00'),
(103, 106, 200, '2027-01-08', 1, '2023-09-08 17:00:00'),
(104, 107, 120, '2027-09-11', 1, '2023-09-08 17:00:00'),
(105, 108, 120, '2026-04-04', 1, '2023-09-08 17:00:00'),
(106, 109, 100, '2027-09-12', 1, '2023-09-08 17:00:00'),
(107, 110, 180, '2026-01-30', 1, '2023-09-08 17:00:00'),
(108, 111, 190, '2027-05-27', 1, '2023-09-08 17:00:00'),
(109, 112, 180, '2026-05-09', 1, '2023-09-08 17:00:00'),
(110, 113, 200, '2027-09-22', 1, '2023-09-08 17:00:00'),
(111, 114, 50, '2027-06-13', 1, '2023-09-08 17:00:00'),
(112, 115, 190, '2026-03-20', 1, '2023-09-08 17:00:00'),
(113, 116, 110, '2027-06-10', 1, '2023-09-08 17:00:00'),
(114, 117, 170, '2027-09-11', 1, '2023-09-08 17:00:00'),
(115, 118, 90, '2026-02-05', 1, '2023-09-08 17:00:00'),
(116, 119, 160, '2027-08-07', 1, '2023-09-08 17:00:00'),
(117, 120, 50, '2027-07-20', 1, '2023-09-08 17:00:00'),
(118, 121, 60, '2027-02-05', 1, '2023-09-08 17:00:00'),
(119, 122, 150, '2026-03-24', 1, '2023-09-08 17:00:00'),
(120, 123, 200, '2027-12-08', 1, '2023-09-08 17:00:00'),
(121, 124, 50, '2026-02-04', 1, '2023-09-08 17:00:00'),
(122, 125, 200, '2027-09-07', 1, '2023-09-08 17:00:00'),
(123, 126, 180, '2026-03-05', 1, '2023-09-08 17:00:00'),
(124, 127, 80, '2026-02-03', 1, '2023-09-08 17:00:00'),
(125, 128, 60, '2026-03-31', 1, '2023-09-08 17:00:00'),
(126, 129, 120, '2026-04-22', 1, '2023-09-08 17:00:00'),
(127, 130, 180, '2026-09-25', 1, '2023-09-08 17:00:00'),
(128, 131, 130, '2026-09-10', 1, '2023-09-08 17:00:00'),
(129, 132, 150, '2026-04-27', 1, '2023-09-08 17:00:00'),
(130, 133, 190, '2027-01-27', 1, '2023-09-08 17:00:00'),
(131, 134, 180, '2027-05-21', 1, '2023-09-08 17:00:00'),
(132, 135, 90, '2026-07-02', 1, '2023-09-08 17:00:00'),
(133, 136, 100, '2026-10-09', 1, '2023-09-08 17:00:00'),
(134, 137, 70, '2027-04-08', 1, '2023-09-08 17:00:00'),
(135, 138, 160, '2027-01-22', 1, '2023-09-08 17:00:00'),
(136, 139, 120, '2027-11-19', 1, '2023-09-08 17:00:00'),
(137, 140, 130, '2026-07-02', 1, '2023-09-08 17:00:00'),
(138, 141, 60, '2026-08-06', 1, '2023-09-08 17:00:00'),
(139, 142, 180, '2027-12-21', 1, '2023-09-08 17:00:00'),
(140, 143, 90, '2027-12-22', 1, '2023-09-08 17:00:00'),
(141, 144, 180, '2027-05-17', 1, '2023-09-08 17:00:00'),
(142, 145, 70, '2026-03-17', 1, '2023-09-08 17:00:00'),
(143, 146, 170, '2026-07-24', 1, '2023-09-08 17:00:00'),
(144, 147, 100, '2026-06-11', 1, '2023-09-08 17:00:00'),
(145, 148, 120, '2027-08-27', 1, '2023-09-08 17:00:00'),
(146, 149, 100, '2027-12-17', 1, '2023-09-08 17:00:00'),
(147, 150, 190, '2026-03-26', 1, '2023-09-08 17:00:00'),
(148, 151, 160, '2026-04-05', 1, '2023-09-08 17:00:00'),
(149, 152, 80, '2026-05-30', 1, '2023-09-08 17:00:00'),
(150, 153, 160, '2026-11-21', 1, '2023-09-08 17:00:00'),
(151, 154, 150, '2026-01-23', 1, '2023-09-08 17:00:00'),
(152, 155, 100, '2026-06-18', 1, '2023-09-08 17:00:00'),
(153, 156, 200, '2027-01-05', 1, '2023-09-08 17:00:00'),
(154, 157, 50, '2026-05-31', 1, '2023-09-08 17:00:00'),
(155, 158, 120, '2026-06-14', 1, '2023-09-08 17:00:00'),
(156, 159, 190, '2027-01-11', 1, '2023-09-08 17:00:00'),
(157, 160, 180, '2027-01-16', 1, '2023-09-08 17:00:00'),
(158, 161, 160, '2027-02-23', 1, '2023-09-08 17:00:00'),
(159, 162, 140, '2027-05-30', 1, '2023-09-08 17:00:00'),
(160, 163, 150, '2027-08-05', 1, '2023-09-08 17:00:00'),
(161, 164, 100, '2026-06-16', 1, '2023-09-08 17:00:00'),
(162, 165, 170, '2026-12-03', 1, '2023-09-08 17:00:00'),
(163, 166, 180, '2026-08-15', 1, '2023-09-08 17:00:00'),
(164, 167, 110, '2027-01-29', 1, '2023-09-08 17:00:00'),
(165, 168, 160, '2026-07-15', 1, '2023-09-08 17:00:00'),
(166, 169, 200, '2026-08-27', 1, '2023-09-08 17:00:00'),
(167, 170, 50, '2026-06-20', 1, '2023-09-08 17:00:00'),
(168, 171, 200, '2026-07-21', 1, '2023-09-08 17:00:00'),
(169, 172, 70, '2027-12-22', 1, '2023-09-08 17:00:00'),
(170, 173, 160, '2026-08-17', 1, '2023-09-08 17:00:00'),
(171, 174, 190, '2027-06-23', 1, '2023-09-08 17:00:00'),
(172, 175, 70, '2027-08-09', 1, '2023-09-08 17:00:00'),
(173, 176, 150, '2027-06-09', 1, '2023-09-08 17:00:00'),
(174, 177, 140, '2027-07-12', 1, '2023-09-08 17:00:00'),
(175, 178, 60, '2027-02-22', 1, '2023-09-08 17:00:00'),
(176, 179, 60, '2026-05-11', 1, '2023-09-08 17:00:00'),
(177, 180, 120, '2027-01-01', 1, '2023-09-08 17:00:00'),
(178, 181, 80, '2026-10-24', 1, '2023-09-08 17:00:00'),
(179, 182, 100, '2027-12-25', 1, '2023-09-08 17:00:00'),
(180, 183, 50, '2027-01-24', 1, '2023-09-08 17:00:00'),
(181, 184, 100, '2026-12-09', 1, '2023-09-08 17:00:00'),
(182, 185, 140, '2026-07-14', 1, '2023-09-08 17:00:00'),
(183, 186, 160, '2027-10-01', 1, '2023-09-08 17:00:00'),
(184, 187, 110, '2026-05-09', 1, '2023-09-08 17:00:00'),
(185, 188, 110, '2027-04-30', 1, '2023-09-08 17:00:00'),
(186, 189, 90, '2026-03-01', 1, '2023-09-08 17:00:00'),
(187, 190, 110, '2026-08-15', 1, '2023-09-08 17:00:00'),
(188, 191, 50, '2027-02-27', 1, '2023-09-08 17:00:00'),
(189, 192, 140, '2027-06-01', 1, '2023-09-08 17:00:00'),
(190, 193, 90, '2027-11-03', 1, '2023-09-08 17:00:00'),
(191, 194, 90, '2027-10-08', 1, '2023-09-08 17:00:00'),
(192, 195, 50, '2026-10-03', 1, '2023-09-08 17:00:00'),
(193, 196, 140, '2027-02-05', 1, '2023-09-08 17:00:00'),
(194, 197, 80, '2027-02-02', 1, '2023-09-08 17:00:00'),
(195, 198, 160, '2027-06-09', 1, '2023-09-08 17:00:00'),
(196, 199, 130, '2027-08-05', 1, '2023-09-08 17:00:00'),
(197, 200, 200, '2027-01-03', 1, '2023-09-08 17:00:00'),
(198, 201, 180, '2027-02-15', 1, '2023-09-08 17:00:00'),
(199, 202, 140, '2026-10-14', 1, '2023-09-08 17:00:00'),
(200, 203, 90, '2027-07-08', 1, '2023-09-08 17:00:00'),
(201, 204, 60, '2026-06-20', 1, '2023-09-08 17:00:00'),
(202, 205, 70, '2026-01-26', 1, '2023-09-08 17:00:00'),
(203, 206, 100, '2026-06-12', 1, '2023-09-08 17:00:00'),
(204, 207, 70, '2026-08-05', 1, '2023-09-08 17:00:00'),
(205, 208, 160, '2026-10-28', 1, '2023-09-08 17:00:00'),
(206, 209, 50, '2026-05-23', 1, '2023-09-08 17:00:00'),
(207, 210, 150, '2028-01-01', 1, '2023-09-08 17:00:00'),
(208, 211, 140, '2027-01-20', 1, '2023-09-08 17:00:00'),
(209, 212, 80, '2026-12-29', 1, '2023-09-08 17:00:00'),
(210, 213, 160, '2026-03-21', 1, '2023-09-08 17:00:00'),
(211, 214, 70, '2027-01-10', 1, '2023-09-08 17:00:00'),
(212, 215, 170, '2026-04-03', 1, '2023-09-08 17:00:00'),
(213, 216, 50, '2026-01-18', 1, '2023-09-08 17:00:00'),
(214, 217, 60, '2026-12-09', 1, '2023-09-08 17:00:00'),
(215, 218, 60, '2027-01-22', 1, '2023-09-08 17:00:00'),
(216, 219, 190, '2026-03-15', 1, '2023-09-08 17:00:00'),
(217, 220, 200, '2026-06-18', 1, '2023-09-08 17:00:00'),
(218, 221, 170, '2026-11-17', 1, '2023-09-08 17:00:00'),
(219, 222, 90, '2027-09-25', 1, '2023-09-08 17:00:00'),
(220, 223, 110, '2027-11-17', 1, '2023-09-08 17:00:00'),
(221, 224, 60, '2027-10-02', 1, '2023-09-08 17:00:00'),
(222, 225, 150, '2026-05-03', 1, '2023-09-08 17:00:00'),
(223, 226, 170, '2027-01-23', 1, '2023-09-08 17:00:00'),
(224, 227, 70, '2026-05-01', 1, '2023-09-08 17:00:00'),
(225, 228, 50, '2026-04-23', 1, '2023-09-08 17:00:00'),
(226, 229, 90, '2026-02-06', 1, '2023-09-08 17:00:00'),
(227, 230, 180, '2027-11-10', 1, '2023-09-08 17:00:00'),
(228, 231, 130, '2026-02-04', 1, '2023-09-08 17:00:00'),
(229, 232, 110, '2028-01-01', 1, '2023-09-08 17:00:00'),
(230, 233, 160, '2026-11-04', 1, '2023-09-08 17:00:00'),
(231, 234, 190, '2027-01-27', 1, '2023-09-08 17:00:00'),
(232, 235, 180, '2027-09-18', 1, '2023-09-08 17:00:00'),
(233, 236, 130, '2026-03-11', 1, '2023-09-08 17:00:00'),
(234, 237, 100, '2027-07-16', 1, '2023-09-08 17:00:00'),
(235, 238, 70, '2027-09-28', 1, '2023-09-08 17:00:00'),
(236, 239, 140, '2027-08-20', 1, '2023-09-08 17:00:00'),
(237, 240, 120, '2027-04-09', 1, '2023-09-08 17:00:00'),
(238, 241, 50, '2026-09-08', 1, '2023-09-08 17:00:00'),
(239, 242, 170, '2026-06-17', 1, '2023-09-08 17:00:00'),
(240, 243, 140, '2027-10-27', 1, '2023-09-08 17:00:00'),
(241, 244, 120, '2026-08-25', 1, '2023-09-08 17:00:00'),
(242, 245, 110, '2027-10-11', 1, '2023-09-08 17:00:00'),
(243, 246, 130, '2026-03-04', 1, '2023-09-08 17:00:00'),
(244, 247, 200, '2026-09-11', 1, '2023-09-08 17:00:00'),
(245, 248, 190, '2027-05-01', 1, '2023-09-08 17:00:00'),
(246, 249, 110, '2027-10-28', 1, '2023-09-08 17:00:00'),
(247, 250, 150, '2026-11-10', 1, '2023-09-08 17:00:00'),
(248, 251, 200, '2026-10-24', 1, '2023-09-08 17:00:00'),
(249, 252, 50, '2026-03-13', 1, '2023-09-08 17:00:00'),
(250, 253, 100, '2027-07-21', 1, '2023-09-08 17:00:00'),
(251, 254, 110, '2027-06-27', 1, '2023-09-08 17:00:00'),
(252, 255, 50, '2026-05-16', 1, '2023-09-08 17:00:00'),
(253, 256, 160, '2027-10-29', 1, '2023-09-08 17:00:00'),
(254, 257, 80, '2027-05-10', 1, '2023-09-08 17:00:00'),
(255, 258, 50, '2027-01-16', 1, '2023-09-08 17:00:00'),
(256, 259, 70, '2026-10-04', 1, '2023-09-08 17:00:00'),
(257, 260, 150, '2026-10-02', 1, '2023-09-08 17:00:00'),
(258, 261, 130, '2027-04-23', 1, '2023-09-08 17:00:00'),
(259, 262, 100, '2026-11-03', 1, '2023-09-08 17:00:00'),
(260, 263, 200, '2027-02-28', 1, '2023-09-08 17:00:00'),
(261, 264, 110, '2027-05-04', 1, '2023-09-08 17:00:00'),
(262, 265, 190, '2027-05-08', 1, '2023-09-08 17:00:00'),
(263, 266, 100, '2027-11-03', 1, '2023-09-08 17:00:00'),
(264, 267, 80, '2026-02-13', 1, '2023-09-08 17:00:00'),
(265, 268, 90, '2026-11-15', 1, '2023-09-08 17:00:00'),
(266, 269, 110, '2027-04-28', 1, '2023-09-08 17:00:00'),
(267, 270, 90, '2026-12-14', 1, '2023-09-08 17:00:00'),
(268, 271, 150, '2027-08-30', 1, '2023-09-08 17:00:00'),
(269, 272, 160, '2026-11-29', 1, '2023-09-08 17:00:00'),
(270, 273, 50, '2027-01-24', 1, '2023-09-08 17:00:00'),
(271, 274, 170, '2027-01-29', 1, '2023-09-08 17:00:00'),
(272, 275, 180, '2026-07-06', 1, '2023-09-08 17:00:00'),
(273, 276, 140, '2027-09-04', 1, '2023-09-08 17:00:00'),
(274, 277, 60, '2027-02-08', 1, '2023-09-08 17:00:00'),
(275, 278, 170, '2027-05-25', 1, '2023-09-08 17:00:00'),
(276, 279, 130, '2027-07-05', 1, '2023-09-08 17:00:00'),
(277, 280, 90, '2027-01-27', 1, '2023-09-08 17:00:00'),
(278, 281, 170, '2027-09-10', 1, '2023-09-08 17:00:00'),
(279, 282, 50, '2027-01-27', 1, '2023-09-08 17:00:00'),
(280, 283, 200, '2027-02-13', 1, '2023-09-08 17:00:00'),
(281, 284, 170, '2026-12-11', 1, '2023-09-08 17:00:00'),
(282, 285, 110, '2026-11-26', 1, '2023-09-08 17:00:00'),
(283, 286, 80, '2027-02-23', 1, '2023-09-08 17:00:00'),
(284, 287, 60, '2027-10-28', 1, '2023-09-08 17:00:00'),
(285, 288, 120, '2026-10-04', 1, '2023-09-08 17:00:00'),
(286, 289, 110, '2027-05-08', 1, '2023-09-08 17:00:00'),
(287, 290, 110, '2026-11-18', 1, '2023-09-08 17:00:00'),
(288, 291, 80, '2027-02-22', 1, '2023-09-08 17:00:00'),
(289, 292, 50, '2027-11-17', 1, '2023-09-08 17:00:00'),
(290, 293, 80, '2026-12-16', 1, '2023-09-08 17:00:00'),
(291, 294, 170, '2027-01-25', 1, '2023-09-08 17:00:00'),
(292, 295, 120, '2027-04-15', 1, '2023-09-08 17:00:00'),
(293, 296, 180, '2026-10-29', 1, '2023-09-08 17:00:00'),
(294, 297, 130, '2026-07-16', 1, '2023-09-08 17:00:00'),
(295, 298, 110, '2026-02-02', 1, '2023-09-08 17:00:00'),
(296, 299, 200, '2026-05-01', 1, '2023-09-08 17:00:00'),
(297, 300, 150, '2026-07-30', 1, '2023-09-08 17:00:00'),
(298, 301, 60, '2027-08-28', 1, '2023-09-08 17:00:00'),
(299, 302, 200, '2026-04-05', 1, '2023-09-08 17:00:00'),
(300, 303, 150, '2027-01-01', 1, '2023-09-08 17:00:00'),
(301, 304, 110, '2026-01-30', 1, '2023-09-08 17:00:00'),
(302, 305, 180, '2026-07-09', 1, '2023-09-08 17:00:00'),
(303, 306, 120, '2026-07-10', 1, '2023-09-08 17:00:00'),
(304, 307, 140, '2027-08-04', 1, '2023-09-08 17:00:00'),
(305, 308, 60, '2027-08-27', 1, '2023-09-08 17:00:00'),
(306, 309, 200, '2027-09-09', 1, '2023-09-08 17:00:00'),
(307, 310, 130, '2027-08-28', 1, '2023-09-08 17:00:00'),
(308, 311, 80, '2027-02-10', 1, '2023-09-08 17:00:00'),
(309, 312, 200, '2027-04-08', 1, '2023-09-08 17:00:00'),
(310, 313, 140, '2027-12-04', 1, '2023-09-08 17:00:00'),
(311, 314, 190, '2026-07-07', 1, '2023-09-08 17:00:00'),
(312, 315, 80, '2026-06-20', 1, '2023-09-08 17:00:00'),
(313, 316, 200, '2027-01-22', 1, '2023-09-08 17:00:00'),
(314, 317, 190, '2026-12-24', 1, '2023-09-08 17:00:00'),
(315, 318, 110, '2026-01-09', 1, '2023-09-08 17:00:00'),
(316, 319, 60, '2027-07-28', 1, '2023-09-08 17:00:00'),
(317, 320, 160, '2027-10-30', 1, '2023-09-08 17:00:00'),
(318, 321, 100, '2026-11-03', 1, '2023-09-08 17:00:00'),
(319, 322, 50, '2027-09-26', 1, '2023-09-08 17:00:00'),
(320, 323, 50, '2027-06-14', 1, '2023-09-08 17:00:00'),
(321, 324, 90, '2027-09-01', 1, '2023-09-08 17:00:00'),
(322, 325, 100, '2027-08-17', 1, '2023-09-08 17:00:00'),
(323, 326, 200, '2027-06-21', 1, '2023-09-08 17:00:00'),
(324, 327, 60, '2027-02-27', 1, '2023-09-08 17:00:00'),
(325, 328, 170, '2027-03-11', 1, '2023-09-08 17:00:00'),
(326, 329, 120, '2026-08-20', 1, '2023-09-08 17:00:00'),
(327, 330, 110, '2026-01-10', 1, '2023-09-08 17:00:00'),
(328, 331, 120, '2026-05-05', 1, '2023-09-08 17:00:00'),
(329, 332, 120, '2026-02-07', 1, '2023-09-08 17:00:00'),
(330, 333, 50, '2026-12-25', 1, '2023-09-08 17:00:00'),
(331, 334, 130, '2027-08-24', 1, '2023-09-08 17:00:00'),
(332, 335, 70, '2027-08-18', 1, '2023-09-08 17:00:00'),
(333, 336, 200, '2027-08-05', 1, '2023-09-08 17:00:00'),
(334, 337, 100, '2027-05-08', 1, '2023-09-08 17:00:00'),
(335, 338, 180, '2027-05-13', 1, '2023-09-08 17:00:00'),
(336, 339, 100, '2027-04-08', 1, '2023-09-08 17:00:00'),
(337, 340, 100, '2026-09-15', 1, '2023-09-08 17:00:00'),
(338, 341, 80, '2027-12-22', 1, '2023-09-08 17:00:00'),
(339, 342, 150, '2027-05-11', 1, '2023-09-08 17:00:00'),
(340, 343, 70, '2026-08-21', 1, '2023-09-08 17:00:00'),
(341, 344, 70, '2026-05-05', 1, '2023-09-08 17:00:00'),
(342, 345, 80, '2026-04-23', 1, '2023-09-08 17:00:00'),
(343, 346, 190, '2026-06-24', 1, '2023-09-08 17:00:00'),
(344, 347, 190, '2026-07-22', 1, '2023-09-08 17:00:00'),
(345, 348, 200, '2026-01-18', 1, '2023-09-08 17:00:00'),
(346, 349, 190, '2026-12-24', 1, '2023-09-08 17:00:00'),
(347, 350, 90, '2027-07-17', 1, '2023-09-08 17:00:00'),
(348, 351, 190, '2026-12-08', 1, '2023-09-08 17:00:00'),
(349, 352, 150, '2026-12-21', 1, '2023-09-08 17:00:00'),
(350, 353, 130, '2026-05-03', 1, '2023-09-08 17:00:00'),
(351, 354, 190, '2026-02-05', 1, '2023-09-08 17:00:00'),
(352, 355, 130, '2027-11-28', 1, '2023-09-08 17:00:00'),
(353, 356, 160, '2026-02-21', 1, '2023-09-08 17:00:00'),
(354, 357, 90, '2027-12-02', 1, '2023-09-08 17:00:00'),
(355, 358, 130, '2027-10-31', 1, '2023-09-08 17:00:00'),
(356, 359, 50, '2026-09-08', 1, '2023-09-08 17:00:00'),
(357, 360, 150, '2026-11-02', 1, '2023-09-08 17:00:00'),
(358, 361, 160, '2027-12-12', 1, '2023-09-08 17:00:00'),
(359, 362, 60, '2026-12-05', 1, '2023-09-08 17:00:00'),
(512, 7, 11, '2027-11-12', 1, '2024-01-12 08:57:51'),
(513, 4, 10, '2222-02-22', 1, '2024-01-12 09:17:41'),
(515, 374, 10, '2024-01-18', 1, '2024-01-12 21:00:49');

-- --------------------------------------------------------

--
-- Table structure for table `invoices`
--

CREATE TABLE `invoices` (
  `id` int(11) NOT NULL,
  `patient_id` int(11) DEFAULT NULL,
  `date` date DEFAULT NULL,
  `total` decimal(10,2) DEFAULT NULL
) ENGINE=InnoDB DEFAULT CHARSET=utf8mb4 COLLATE=utf8mb4_general_ci;

-- --------------------------------------------------------

--
-- Table structure for table `kecamatan`
--

CREATE TABLE `kecamatan` (
  `id` int(11) NOT NULL,
  `name` varchar(50) NOT NULL
) ENGINE=InnoDB DEFAULT CHARSET=utf8mb4 COLLATE=utf8mb4_general_ci;

--
-- Dumping data for table `kecamatan`
--

INSERT INTO `kecamatan` (`id`, `name`) VALUES
(1, 'Banyusari'),
(2, 'Batujaya'),
(3, 'Ciampel'),
(4, 'Cibuaya'),
(5, 'Cikampek'),
(6, 'Cilamaya Kulon'),
(7, 'Cilamaya Wetan'),
(8, 'Cilebar'),
(9, 'Jatisari'),
(10, 'Jayakerta'),
(11, 'Karawang Barat'),
(12, 'Karawang Timur'),
(13, 'Klari	'),
(14, 'Kotabaru'),
(15, 'Kutawaluya'),
(16, 'Lemahabang'),
(17, 'Majalaya'),
(18, 'Pakisjaya'),
(19, 'Pangkalan'),
(20, 'Pedes'),
(21, 'Purwasari'),
(22, 'Rawamerta'),
(23, 'Rengasdengklok'),
(24, 'Tegalwaru'),
(25, 'Talagasari'),
(26, 'Telukjambe Barat'),
(27, 'Telukjambe Timur'),
(28, 'Tempuran'),
(29, 'Tirtajaya'),
(30, 'Tirtamulya');

-- --------------------------------------------------------

--
-- Table structure for table `medicalinformation`
--

CREATE TABLE `medicalinformation` (
  `id` int(11) NOT NULL,
  `patient_id` int(11) NOT NULL,
  `height` decimal(5,2) DEFAULT NULL,
  `weight` decimal(5,2) DEFAULT NULL,
  `blood_group` varchar(3) DEFAULT NULL,
  `pulse` int(11) DEFAULT NULL,
  `blood_pressure` varchar(7) DEFAULT NULL,
  `respiration` int(11) DEFAULT NULL,
  `allergy` varchar(255) DEFAULT NULL,
  `diet` varchar(255) DEFAULT NULL,
  `update_by` int(11) NOT NULL
) ENGINE=InnoDB DEFAULT CHARSET=utf8mb4 COLLATE=utf8mb4_general_ci;

-- --------------------------------------------------------

--
-- Table structure for table `patients`
--

CREATE TABLE `patients` (
  `id` int(11) NOT NULL,
  `user_id` int(11) DEFAULT NULL,
  `kecamatan_id` int(11) NOT NULL,
  `desa_id` int(11) NOT NULL,
  `first_name` varchar(50) NOT NULL,
  `last_name` varchar(50) NOT NULL,
  `gender` enum('Male','Female') NOT NULL,
  `contact` varchar(75) NOT NULL,
  `address` varchar(225) NOT NULL,
  `date_of_birth` date DEFAULT NULL,
  `status_account` tinyint(1) NOT NULL
) ENGINE=InnoDB DEFAULT CHARSET=utf8mb4 COLLATE=utf8mb4_general_ci;

--
-- Dumping data for table `patients`
--

INSERT INTO `patients` (`id`, `user_id`, `kecamatan_id`, `desa_id`, `first_name`, `last_name`, `gender`, `contact`, `address`, `date_of_birth`, `status_account`) VALUES
(3, 62, 17, 21, 'ahmad', 'dani', 'Female', '081234567421', 'jalan pamanukan', '1999-02-22', 1),
(4, 63, 6, 70, 'hamidah', 'gustavo', 'Female', '08423456789', 'jalan toba', '1998-07-09', 1),
(5, 64, 23, 241, 'dede', 'amon', 'Female', '08223456789', 'kertasari', '1997-02-22', 1),
(6, 65, 23, 15, 'bambang', 'amon', 'Male', '0822345213', 'kertasari', '1997-02-22', 1),
(7, 66, 1, 15, 'yudis', 'tira', 'Female', '081123456789', 'rengasdengklok', '1889-02-03', 1),
(8, 67, 17, 186, 'humaira', 'ajahra', 'Male', '0812344121243', 'rengasdengklok', '2021-05-30', 1),
(9, 69, 1, 15, 'farel', '123', 'Male', '0768721312', 'bkp', '2024-01-26', 1),
(11, 81, 1, 15, 'malam', 'terakhir', 'Male', '09979379042', 'bkp', '2024-01-27', 1),
(12, 93, 1, 15, 'husni', 'banget', 'Male', '089201839871', 'curug', '2024-01-26', 0),
(13, 94, 1, 15, 'jaka', '123', 'Male', '01246786342', 'krw', '2021-06-18', 1);

--
-- Triggers `patients`
--
DELIMITER $$
CREATE TRIGGER `trg_user_registration` AFTER INSERT ON `patients` FOR EACH ROW BEGIN
    INSERT INTO backup_patients
    (
        first_name,
        last_name,
        contact,
        address
    )
    VALUES
    (
        NEW.first_name,
        NEW.last_name,
        NEW.contact,
        NEW.address
    )
    ON DUPLICATE KEY UPDATE
        first_name = NEW.first_name,
        last_name = NEW.last_name,
        contact = NEW.contact,
        address = NEW.address;
END
$$
DELIMITER ;

-- --------------------------------------------------------

--
-- Table structure for table `recipe`
--

CREATE TABLE `recipe` (
  `drug_id` int(11) NOT NULL,
  `invoice_id` int(11) NOT NULL,
  `patients_id` int(11) NOT NULL,
  `quantity` int(11) NOT NULL,
  `price` int(11) NOT NULL,
  `date` date NOT NULL
) ENGINE=InnoDB DEFAULT CHARSET=utf8mb4 COLLATE=utf8mb4_general_ci;

-- --------------------------------------------------------

--
-- Table structure for table `super_admins`
--

CREATE TABLE `super_admins` (
  `id_profile` int(11) NOT NULL,
  `user_id` int(11) DEFAULT NULL,
  `name` varchar(100) DEFAULT NULL
) ENGINE=InnoDB DEFAULT CHARSET=utf8mb4 COLLATE=utf8mb4_general_ci;

-- --------------------------------------------------------

--
-- Table structure for table `users`
--

CREATE TABLE `users` (
  `id` int(11) NOT NULL,
  `email` varchar(100) DEFAULT NULL,
  `password` varchar(255) DEFAULT NULL,
  `role` enum('super_admin','doctor','patient','admin') DEFAULT NULL,
  `status_account` tinyint(1) NOT NULL DEFAULT 1
) ENGINE=InnoDB DEFAULT CHARSET=utf8mb4 COLLATE=utf8mb4_general_ci;

--
-- Dumping data for table `users`
--

INSERT INTO `users` (`id`, `email`, `password`, `role`, `status_account`) VALUES
(5, 'owner@seecare.com', '$2y$10$wH/yX.Av1bQijx76jj96guZeJw3Qid1RPO5IR5WYIGXQstp7KahKC', 'super_admin', 1),
(52, 'admin1@seecare.com', '$2y$10$5TNCQHX3cKr1NZLvHYErn.8RL5BAZS9qc9/x3emela8esl6b1zu6q', 'admin', 1),
(53, 'admin2@seecare.com', '$2y$10$JPANMUp7Yh2BVhouR9tEcuWIZgJTkBI9r1oBRv5wAHp/G.xa8qVTy', 'admin', 1),
(56, 'budi.santoso@dr.seecare.com', '$2y$10$ybrUE.nG7bIJ7oKMw5Vw/uHom8FUduGFVaCmcVzyb0oBwMEfGFEm6', 'doctor', 1),
(57, 'dew.susanti@dr.seecare.com', '$2y$10$m/PV5M5/uN.qGFMKoa0ImecW0iXka2j4g7cCUfAGyJSSTdL/UG/Fi', 'doctor', 1),
(58, 'Agus.wijaya@dr.seecare.com', '$2y$10$LbJT3OS22TD2u6F5Wo7rQe.MdXE0d8TPb99DZeVmF4Cnxcio.1eSu', 'doctor', 1),
(62, 'ahmaddani@gmail.com', '$2y$10$U8ob8JppfDvSdqRz0Fv5ZeCBS1rKxvXQXB9f8xOeBDTNIkQL6u/2y', 'patient', 1),
(63, 'hamdiah@gmail.com', '$2y$10$Kx7bYVl1c5/Kn5RQ5ifl.OfASKsB2Md/WDY66asppl2JfUn1ojAh6', 'patient', 1),
(64, 'dede@gmail.com', '$2y$10$Qk8wMFd9v3LS4dUrYbyrz.hTtWvkv7ZCps53.7rQp/lBhY0Iofdyi', 'patient', 1),
(65, 'bambang@gmail.com', '$2y$10$d2jD/OIANQRgpT7X69RQZ.sz/VxPvP1IJPlf2670.JsSzIrzNBqPy', 'patient', 1),
(66, 'yudis@gmail.com', '$2y$10$gp4CfiEGE1FeRy/Xe2NVnemXsFBfFe8W9DqOtrl2FXZwEPQap60fu', 'patient', 1),
(67, 'muhaira@gmail.com', '$2y$10$WzcK7e0eRnWYtHs.S56jredQ.JzQcuczaG7D5Mduu4LX9zTuHJKqO', 'patient', 1),
(69, 'farel@gmail.com', '$2y$10$/e/1KS/nYs0XefNmAUKD0e4yUGywcBj6TruYKVKo3hnu3NWngsgTu', 'patient', 1),
(87, 'ddmi11@gmail.com', '$2y$10$xZUhqI4AjQYYRpke4HDHYu0W0XBUEVZHA6M/lUfproUApmNAipp/G', 'admin', 1),
(88, 'dimas@gmail.com', '$2y$10$gDVZViCLP7Nq2o5kXuALf.Xk1VHvDSFfDunPEJN1c0hTcN2cgNnli', 'admin', 1),
(89, 'drive@gmail.com', '$2y$10$/34.PTPSzgxyzEJQ.hwJaukstkIu6sEiqQ9YaUo4brRXK2Xx1YbHa', 'admin', 1),
(93, 'husni@gmail.com', '$2y$10$hywpDN5r0DjF5hLTWu5Oi.HWTe6qEtB0tqUoLsoy/1mLvWUbpR9eS', 'patient', 0),
(94, 'jaka@gmail.com', '$2y$10$htzV13Jp8s2F5pScZMSgduJOZ1RBSjsJ2vTVTfm.b0HdZ2lzjxIpG', 'patient', 1),
(95, 'laila@gmail.com', '$2y$10$f4NQpAQU7ilIUUs1GYw0le3l.nukHWGP4oax4YNlNSrlloVjl/LMG', 'admin', 1);

--
-- Triggers `users`
--
DELIMITER $$
CREATE TRIGGER `after_user_delete` AFTER DELETE ON `users` FOR EACH ROW INSERT INTO user_activity_log (user_id, activity_type, email)
VALUES (OLD.id, 'delete', OLD.email)
$$
DELIMITER ;
DELIMITER $$
CREATE TRIGGER `after_user_insert` AFTER INSERT ON `users` FOR EACH ROW INSERT INTO user_activity_log (user_id, activity_type, email)
VALUES (NEW.id, 'insert', NEW.email)
$$
DELIMITER ;
DELIMITER $$
CREATE TRIGGER `after_user_update` AFTER UPDATE ON `users` FOR EACH ROW INSERT INTO user_activity_log (user_id, activity_type, email)
VALUES (NEW.id, 'update', NEW.email)
$$
DELIMITER ;

-- --------------------------------------------------------

--
-- Table structure for table `user_activity_log`
--

CREATE TABLE `user_activity_log` (
  `log_id` int(11) NOT NULL,
  `user_id` int(11) DEFAULT NULL,
  `email` varchar(100) DEFAULT NULL,
  `activity_type` varchar(50) DEFAULT NULL,
  `activity_time` timestamp NOT NULL DEFAULT current_timestamp()
) ENGINE=InnoDB DEFAULT CHARSET=utf8mb4 COLLATE=utf8mb4_general_ci;

--
-- Dumping data for table `user_activity_log`
--

INSERT INTO `user_activity_log` (`log_id`, `user_id`, `email`, `activity_type`, `activity_time`) VALUES
(1, 95, 'laila@gmail.com', 'insert', '2024-01-12 21:48:37');

-- --------------------------------------------------------

--
-- Stand-in structure for view `user_activity_view`
-- (See below for the actual view)
--
CREATE TABLE `user_activity_view` (
`log_id` int(11)
,`user_id` int(11)
,`email` varchar(100)
,`activity_type` varchar(50)
,`activity_time` timestamp
);

-- --------------------------------------------------------

--
-- Structure for view `user_activity_view`
--
DROP TABLE IF EXISTS `user_activity_view`;

CREATE ALGORITHM=UNDEFINED DEFINER=`root`@`localhost` SQL SECURITY DEFINER VIEW `user_activity_view`  AS SELECT `user_activity_log`.`log_id` AS `log_id`, `user_activity_log`.`user_id` AS `user_id`, `user_activity_log`.`email` AS `email`, `user_activity_log`.`activity_type` AS `activity_type`, `user_activity_log`.`activity_time` AS `activity_time` FROM `user_activity_log` ;

--
-- Indexes for dumped tables
--

--
-- Indexes for table `admins`
--
ALTER TABLE `admins`
  ADD PRIMARY KEY (`id`),
  ADD KEY `user_id` (`user_id`);

--
-- Indexes for table `backup_admins`
--
ALTER TABLE `backup_admins`
  ADD PRIMARY KEY (`id`);

--
-- Indexes for table `backup_doctors`
--
ALTER TABLE `backup_doctors`
  ADD PRIMARY KEY (`id`);

--
-- Indexes for table `backup_patients`
--
ALTER TABLE `backup_patients`
  ADD PRIMARY KEY (`id`);

--
-- Indexes for table `desa`
--
ALTER TABLE `desa`
  ADD PRIMARY KEY (`id`),
  ADD KEY `kecamatan_id` (`kecamatan_id`);

--
-- Indexes for table `diagnoses`
--
ALTER TABLE `diagnoses`
  ADD PRIMARY KEY (`id`),
  ADD KEY `patient_id` (`patient_id`),
  ADD KEY `doctor_id` (`doctor_id`);

--
-- Indexes for table `doctors`
--
ALTER TABLE `doctors`
  ADD PRIMARY KEY (`id`),
  ADD KEY `user_id` (`user_id`);

--
-- Indexes for table `drug`
--
ALTER TABLE `drug`
  ADD PRIMARY KEY (`id`),
  ADD KEY `admin_id` (`admin_id`);

--
-- Indexes for table `drug_stock`
--
ALTER TABLE `drug_stock`
  ADD PRIMARY KEY (`stock_id`),
  ADD KEY `drug_id` (`drug_id`);

--
-- Indexes for table `invoices`
--
ALTER TABLE `invoices`
  ADD PRIMARY KEY (`id`),
  ADD KEY `patient_id` (`patient_id`);

--
-- Indexes for table `kecamatan`
--
ALTER TABLE `kecamatan`
  ADD PRIMARY KEY (`id`);

--
-- Indexes for table `medicalinformation`
--
ALTER TABLE `medicalinformation`
  ADD PRIMARY KEY (`id`),
  ADD KEY `patient_id` (`patient_id`);

--
-- Indexes for table `patients`
--
ALTER TABLE `patients`
  ADD PRIMARY KEY (`id`),
  ADD KEY `user_id` (`user_id`),
  ADD KEY `kecamatan_id` (`kecamatan_id`),
  ADD KEY `desa_id` (`desa_id`);

--
-- Indexes for table `recipe`
--
ALTER TABLE `recipe`
  ADD KEY `drug_id` (`drug_id`),
  ADD KEY `patient_id` (`patients_id`),
  ADD KEY `invoice_id` (`invoice_id`);

--
-- Indexes for table `super_admins`
--
ALTER TABLE `super_admins`
  ADD PRIMARY KEY (`id_profile`),
  ADD KEY `user_id` (`user_id`);

--
-- Indexes for table `users`
--
ALTER TABLE `users`
  ADD PRIMARY KEY (`id`);

--
-- Indexes for table `user_activity_log`
--
ALTER TABLE `user_activity_log`
  ADD PRIMARY KEY (`log_id`);

--
-- AUTO_INCREMENT for dumped tables
--

--
-- AUTO_INCREMENT for table `admins`
--
ALTER TABLE `admins`
  MODIFY `id` int(11) NOT NULL AUTO_INCREMENT, AUTO_INCREMENT=25;

--
-- AUTO_INCREMENT for table `backup_admins`
--
ALTER TABLE `backup_admins`
  MODIFY `id` int(11) NOT NULL AUTO_INCREMENT, AUTO_INCREMENT=3;

--
-- AUTO_INCREMENT for table `backup_doctors`
--
ALTER TABLE `backup_doctors`
  MODIFY `id` int(11) NOT NULL AUTO_INCREMENT, AUTO_INCREMENT=2;

--
-- AUTO_INCREMENT for table `backup_patients`
--
ALTER TABLE `backup_patients`
  MODIFY `id` int(11) NOT NULL AUTO_INCREMENT, AUTO_INCREMENT=4;

--
-- AUTO_INCREMENT for table `desa`
--
ALTER TABLE `desa`
  MODIFY `id` int(11) NOT NULL AUTO_INCREMENT, AUTO_INCREMENT=365;

--
-- AUTO_INCREMENT for table `diagnoses`
--
ALTER TABLE `diagnoses`
  MODIFY `id` int(11) NOT NULL AUTO_INCREMENT, AUTO_INCREMENT=8;

--
-- AUTO_INCREMENT for table `doctors`
--
ALTER TABLE `doctors`
  MODIFY `id` int(11) NOT NULL AUTO_INCREMENT, AUTO_INCREMENT=41;

--
-- AUTO_INCREMENT for table `drug`
--
ALTER TABLE `drug`
  MODIFY `id` int(11) NOT NULL AUTO_INCREMENT, AUTO_INCREMENT=375;

--
-- AUTO_INCREMENT for table `drug_stock`
--
ALTER TABLE `drug_stock`
  MODIFY `stock_id` int(11) NOT NULL AUTO_INCREMENT, AUTO_INCREMENT=516;

--
-- AUTO_INCREMENT for table `invoices`
--
ALTER TABLE `invoices`
  MODIFY `id` int(11) NOT NULL AUTO_INCREMENT;

--
-- AUTO_INCREMENT for table `kecamatan`
--
ALTER TABLE `kecamatan`
  MODIFY `id` int(11) NOT NULL AUTO_INCREMENT, AUTO_INCREMENT=31;

--
-- AUTO_INCREMENT for table `medicalinformation`
--
ALTER TABLE `medicalinformation`
  MODIFY `id` int(11) NOT NULL AUTO_INCREMENT;

--
-- AUTO_INCREMENT for table `patients`
--
ALTER TABLE `patients`
  MODIFY `id` int(11) NOT NULL AUTO_INCREMENT, AUTO_INCREMENT=14;

--
-- AUTO_INCREMENT for table `super_admins`
--
ALTER TABLE `super_admins`
  MODIFY `id_profile` int(11) NOT NULL AUTO_INCREMENT, AUTO_INCREMENT=2;

--
-- AUTO_INCREMENT for table `users`
--
ALTER TABLE `users`
  MODIFY `id` int(11) NOT NULL AUTO_INCREMENT, AUTO_INCREMENT=96;

--
-- AUTO_INCREMENT for table `user_activity_log`
--
ALTER TABLE `user_activity_log`
  MODIFY `log_id` int(11) NOT NULL AUTO_INCREMENT, AUTO_INCREMENT=2;

--
-- Constraints for dumped tables
--

--
-- Constraints for table `admins`
--
ALTER TABLE `admins`
  ADD CONSTRAINT `admins_ibfk_1` FOREIGN KEY (`user_id`) REFERENCES `users` (`id`);

--
-- Constraints for table `desa`
--
ALTER TABLE `desa`
  ADD CONSTRAINT `desa_ibfk_1` FOREIGN KEY (`kecamatan_id`) REFERENCES `kecamatan` (`id`);

--
-- Constraints for table `diagnoses`
--
ALTER TABLE `diagnoses`
  ADD CONSTRAINT `diagnoses_ibfk_1` FOREIGN KEY (`patient_id`) REFERENCES `patients` (`id`),
  ADD CONSTRAINT `diagnoses_ibfk_2` FOREIGN KEY (`doctor_id`) REFERENCES `doctors` (`id`);

--
-- Constraints for table `doctors`
--
ALTER TABLE `doctors`
  ADD CONSTRAINT `doctors_ibfk_1` FOREIGN KEY (`user_id`) REFERENCES `users` (`id`);

--
-- Constraints for table `drug`
--
ALTER TABLE `drug`
  ADD CONSTRAINT `drug_ibfk_1` FOREIGN KEY (`admin_id`) REFERENCES `admins` (`id`);

--
-- Constraints for table `drug_stock`
--
ALTER TABLE `drug_stock`
  ADD CONSTRAINT `drug_stock_ibfk_1` FOREIGN KEY (`drug_id`) REFERENCES `drug` (`id`);

--
-- Constraints for table `invoices`
--
ALTER TABLE `invoices`
  ADD CONSTRAINT `invoices_ibfk_1` FOREIGN KEY (`patient_id`) REFERENCES `patients` (`id`);

--
-- Constraints for table `medicalinformation`
--
ALTER TABLE `medicalinformation`
  ADD CONSTRAINT `medicalinformation_ibfk_1` FOREIGN KEY (`patient_id`) REFERENCES `patients` (`id`);

--
-- Constraints for table `patients`
--
ALTER TABLE `patients`
  ADD CONSTRAINT `patients_ibfk_1` FOREIGN KEY (`kecamatan_id`) REFERENCES `kecamatan` (`id`),
  ADD CONSTRAINT `patients_ibfk_2` FOREIGN KEY (`desa_id`) REFERENCES `desa` (`id`);

--
-- Constraints for table `recipe`
--
ALTER TABLE `recipe`
  ADD CONSTRAINT `recipe_ibfk_1` FOREIGN KEY (`drug_id`) REFERENCES `drug` (`id`),
  ADD CONSTRAINT `recipe_ibfk_2` FOREIGN KEY (`patients_id`) REFERENCES `patients` (`id`),
  ADD CONSTRAINT `recipe_ibfk_3` FOREIGN KEY (`invoice_id`) REFERENCES `invoices` (`id`);

--
-- Constraints for table `super_admins`
--
ALTER TABLE `super_admins`
  ADD CONSTRAINT `super_admins_ibfk_1` FOREIGN KEY (`user_id`) REFERENCES `users` (`id`);
COMMIT;

/*!40101 SET CHARACTER_SET_CLIENT=@OLD_CHARACTER_SET_CLIENT */;
/*!40101 SET CHARACTER_SET_RESULTS=@OLD_CHARACTER_SET_RESULTS */;
/*!40101 SET COLLATION_CONNECTION=@OLD_COLLATION_CONNECTION */;
